source;source_other;added_by;user_id;title;company;industry;published;created;location
neuvoo;NULL;crawler;NULL;"Se Buscan Eléctricos | Reparación Caja de Fusibles";2x3.cl;"No clasificada";"2020-10-22 00:00:00";"2020-11-02 17:15:02";Talca
neuvoo;NULL;crawler;NULL;"Práctica Diseño Gráfico";"Banco Falabella";"No clasificada";"2020-10-23 00:00:00";"2020-11-02 17:15:02";Santiago
neuvoo;NULL;crawler;NULL;"Software Engineer – Data analytics and engineering for Teams meetings";Microsoft;"No clasificada";"2020-10-22 00:00:00";"2020-11-02 17:15:02";Santiago
neuvoo;NULL;crawler;NULL;"Alumno en práctica área de Soporte TI";Verisure;"No clasificada";"2020-10-23 00:00:00";"2020-11-02 17:15:02";"Las Condes"
neuvoo;NULL;crawler;NULL;"Supervisor de Acopio y Cosecha X Región";Confidencial;"No clasificada";"2020-10-23 00:00:00";"2020-11-02 17:15:02";"Puerto Montt"
neuvoo;NULL;crawler;NULL;"Ingeniero en Prevención de Riesgo";Confidencial;"No clasificada";"2020-10-23 00:00:00";"2020-11-02 17:15:02";"Puerto Montt"
neuvoo;NULL;crawler;NULL;"Vigilante Privado en Illapel, Vicuña y Ovalle";"Esval y Aguas del Valle";"No clasificada";"2020-10-23 00:00:00";"2020-11-02 17:15:02";Ovalle
neuvoo;NULL;crawler;NULL;"Administrativo de Personal  Osorno";Confidencial;"No clasificada";"2020-10-23 00:00:00";"2020-11-02 17:15:02";Osorno
neuvoo;NULL;crawler;NULL;"Inspector Técnico de Obra";"Esval y Aguas del Valle";"No clasificada";"2020-10-23 00:00:00";"2020-11-02 17:15:02";"La Calera"
neuvoo;NULL;crawler;NULL;"Sales Rep - Consumer Retail";Lenovo;"No clasificada";"2020-10-22 00:00:00";"2020-11-02 17:15:02";Santiago
neuvoo;NULL;crawler;NULL;"Public Access Oncology";MSD;"No clasificada";"2020-10-23 00:00:00";"2020-11-02 17:15:02";Providencia
trabajaenelestado;NULL;crawler;NULL;"AUXILIAR UCI PEDIATRICA, Ministerio de Salud";"Servicio de Salud Osorno / Hospital Base San José de Osorno, Ministerio de Salud";Salud;"2020-10-30 00:00:00";"2020-11-02 17:15:02";"osorno, Región de Los Lagos"
neuvoo;NULL;user;1013;"Experto en Prevención de Riesgos";Enaex;Abastecimiento;"2020-10-26 00:00:00";"2020-11-02 19:46:24";Rancagua
neuvoo;NULL;crawler;NULL;"AGENT DE MAÎTRISE (M/F/X) POUR LA DIRECTION DES ROUTES DE NAMUR (niveau D)";"Portail de la Wallonie";"No clasificada";"2020-10-23 00:00:00";"2020-11-02 21:15:02";"Puente Alto"
neuvoo;NULL;crawler;NULL;"Práctica Automatización";"Banco Falabella";"No clasificada";"2020-10-22 00:00:00";"2020-11-02 21:15:02";Santiago
bne;NULL;crawler;NULL;"PRACTICA LOGISTICA";"KAL TIRE S.A";"No especifica";"2020-10-30 00:00:00";"2020-11-02 21:15:02";"Antofagasta, Antofagasta"
bne;NULL;crawler;NULL;"OPERADOR FAST FOOD";Confidencial;"No especifica";"2020-10-30 00:00:00";"2020-11-02 21:15:02";"Metropolitana, Estación Central"
bne;NULL;crawler;NULL;"TENS HOSPITALIZACION DOMICILIARIA SANTIAGO";ServiciosClinicosDomiciliarios;"No especifica";"2020-10-30 00:00:00";"2020-11-02 21:15:02";"Metropolitana, Las Condes"
bne;NULL;crawler;NULL;Vendedor/vendedora;"BY CONEJO";"No especifica";"2020-10-30 00:00:00";"2020-11-02 21:15:02";"Metropolitana, Santiago"
bne;NULL;crawler;NULL;Vendedor/vendedora;"BY CONEJO";"No especifica";"2020-10-30 00:00:00";"2020-11-02 21:15:02";"Metropolitana, Santiago"
bne;NULL;crawler;NULL;"Técnico Aseador";"Unión Global Service";"No especifica";"2020-10-31 00:00:00";"2020-11-02 21:15:02";"Metropolitana, Ñuñoa"
bne;NULL;crawler;NULL;Vendedor/vendedora;"BY CONEJO";"No especifica";"2020-10-30 00:00:00";"2020-11-02 21:15:02";"Metropolitana, Santiago"
bne;NULL;crawler;NULL;"Multifuncional part time";"Inversiones Enex S.A";"No especifica";"2020-10-30 00:00:00";"2020-11-02 21:15:02";"Maule, Teno"
bne;NULL;crawler;NULL;Vendedor/vendedora;"BY CONEJO";"No especifica";"2020-10-30 00:00:00";"2020-11-02 21:15:02";"Metropolitana, Santiago"
bne;NULL;crawler;NULL;Vendedor/vendedora;"BY CONEJO";"No especifica";"2020-10-30 00:00:00";"2020-11-02 21:15:02";"Metropolitana, Santiago"
bne;NULL;crawler;NULL;Vendedor/vendedora;"BY CONEJO";"No especifica";"2020-10-30 00:00:00";"2020-11-02 21:15:02";"Metropolitana, Santiago"
bne;NULL;crawler;NULL;"Ingeniero mecanico";"Servicios Ingeniería";"No especifica";"2020-10-30 00:00:00";"2020-11-02 21:15:02";"Los Lagos, Osorno"
bne;NULL;crawler;NULL;Vendedor/vendedora;"BY CONEJO";"No especifica";"2020-10-30 00:00:00";"2020-11-02 21:15:02";"Metropolitana, Santiago"
bne;NULL;crawler;NULL;"APOYO NAVIDAD";"RIPLEY STORE";"No especifica";"2020-10-30 00:00:00";"2020-11-02 21:15:02";"Metropolitana, Huechuraba"
bne;NULL;crawler;NULL;Vendedor/vendedora;"BY CONEJO";"No especifica";"2020-10-30 00:00:00";"2020-11-02 21:15:02";"Metropolitana, Santiago"
bne;NULL;crawler;NULL;"Vigilante Privado para Banco Omil Providencia";"Servicios Financieros";"No especifica";"2020-10-30 00:00:00";"2020-11-02 21:15:02";"Metropolitana, Santiago"
bne;NULL;crawler;NULL;"Supervisor de Aseo - Omil Providencia";Confidencial;"No especifica";"2020-10-30 00:00:00";"2020-11-02 21:15:02";"Metropolitana, Santiago"
bne;NULL;crawler;NULL;"Analista de Remuneraciones y Recursos Humanos Senior";"Torreblanca Consultores Spa";"No especifica";"2020-10-31 00:00:00";"2020-11-02 21:15:02";"Metropolitana, Independencia"
bne;NULL;crawler;NULL;"Ayudante para instalacion y montaje de paneles solares";"Ecoenergetico Ltda";"No especifica";"2020-10-30 00:00:00";"2020-11-02 21:15:02";"Maule, Talca"
bne;NULL;crawler;NULL;"Asistente Administrativa OMIL Providencia";"SKYPROPERTY SPA";"No especifica";"2020-10-30 00:00:00";"2020-11-02 21:15:02";"Metropolitana, Las Condes"
bne;NULL;crawler;NULL;"Vendedor tecnico";"PINTAL LTDA";"No especifica";"2020-10-30 00:00:00";"2020-11-02 21:15:02";"Maule, Talca"
bne;NULL;crawler;NULL;"Operador trenes";"FERROCARRIL ANTOFAGASTA";"No especifica";"2020-10-30 00:00:00";"2020-11-02 21:15:02";"Antofagasta, Calama"
bne;NULL;crawler;NULL;"Maestro Primera Andamios";"Echeverria Izquierdo";"No especifica";"2020-10-31 00:00:00";"2020-11-02 21:15:02";"Antofagasta, Antofagasta"
bne;NULL;crawler;NULL;"Prevencionista de Riesgo";Confidencial;"No especifica";"2020-10-31 00:00:00";"2020-11-02 21:15:02";"Antofagasta, Mejillones"
bne;NULL;crawler;NULL;"Call Center Atención Comercial TELETRABAJO part time 30 hrs AM Viña del MAR 260.000";"Entel Call Center";"No especifica";"2020-10-31 00:00:00";"2020-11-02 21:15:02";"Valparaíso, Viña del Mar"
bne;NULL;crawler;NULL;"Senior Buyer";"Katherine Quelopana Fuentes";"No especifica";"2020-10-31 00:00:00";"2020-11-02 21:15:02";"Metropolitana, Maipú"
bne;NULL;crawler;NULL;"Ejecutivo de Ventas en terreno Rancagua y Machalí";"verisure chile spa";"No especifica";"2020-10-31 00:00:00";"2020-11-02 21:15:02";"O'Higgins, Rancagua"
bne;NULL;crawler;NULL;"Ejecutivo de Ventas en terreno La Florida y Puente Alto";"verisure chile spa";"No especifica";"2020-10-31 00:00:00";"2020-11-02 21:15:02";"Metropolitana, La Florida"
bne;NULL;crawler;NULL;"Ejecutivo de Ventas en terreno en Cerrillos y Lo Prado";"verisure chile spa";"No especifica";"2020-10-31 00:00:00";"2020-11-02 21:15:02";"Metropolitana, Maipú"
bne;NULL;crawler;NULL;"Ejecutivo de Ventas en terreno en Maipú";"verisure chile spa";"No especifica";"2020-10-31 00:00:00";"2020-11-02 21:15:02";"Metropolitana, Maipú"
bne;NULL;crawler;NULL;"Ejecutivo de Ventas en terreno para Talca";"verisure chile spa";"No especifica";"2020-10-31 00:00:00";"2020-11-02 21:15:02";"Maule, Talca"
bne;NULL;crawler;NULL;"Ejecutivo de Ventas en terreno en Pedro Aguirre Cerda y Estación Central";"verisure chile spa";"No especifica";"2020-10-31 00:00:00";"2020-11-02 21:15:02";"Metropolitana, Pedro Aguirre Cerda"
bne;NULL;crawler;NULL;"Analista de Plataforma TI";"Vida Cámara";"No especifica";"2020-10-31 00:00:00";"2020-11-02 21:15:02";"Metropolitana, Las Condes"
bne;NULL;crawler;NULL;Conserjes;"Edificio Hacienda Capital";"No especifica";"2020-10-30 00:00:00";"2020-11-02 21:15:02";"Metropolitana, Independencia"
bne;NULL;crawler;NULL;condutor;"JOSE MANUEL FIGUEROA CORNEJO";"No especifica";"2020-10-31 00:00:00";"2020-11-02 21:15:02";"O'Higgins, Rancagua"
bne;NULL;crawler;NULL;"JORNAL (O)";"MUNICIPALIDAD DE CARAHUE";"No especifica";"2020-10-30 00:00:00";"2020-11-02 21:15:02";"La Araucanía, Carahue"
bne;NULL;crawler;NULL;"Asesor Medico Veterinario para Tienda de Mascotas, Santiago";Tiendapet.cl;"No especifica";"2020-10-31 00:00:00";"2020-11-02 21:15:02";"Metropolitana, Santiago"
bne;NULL;crawler;NULL;"Consultor de Capacitación";"OTIC - CChC";"No especifica";"2020-10-31 00:00:00";"2020-11-02 21:15:02";"Metropolitana, Santiago"
bne;NULL;crawler;NULL;"Ayudante de taller";"Empresa de servicios";"No especifica";"2020-10-31 00:00:00";"2020-11-02 21:15:02";"Metropolitana, Santiago"
bne;NULL;crawler;NULL;Peoneta;ECM;"No especifica";"2020-10-31 00:00:00";"2020-11-02 21:15:02";"Metropolitana, Cerrillos"
bne;NULL;crawler;NULL;"Especialista en publicidad digital";Confidencial;"No especifica";"2020-10-31 00:00:00";"2020-11-02 21:15:02";"Metropolitana, Santiago"
bne;NULL;crawler;NULL;"Importante Empresa Multinacional requiere de Asesor Prevención de Riesgos Sernageomin B para Faena";Confidencial;"No especifica";"2020-10-31 00:00:00";"2020-11-02 21:15:02";"Antofagasta, Antofagasta"
bne;NULL;crawler;NULL;"Educador de Parvulos";"Origami Montessori";"No especifica";"2020-10-31 00:00:00";"2020-11-02 21:15:02";"Metropolitana, Providencia"
bne;NULL;crawler;NULL;"Tecnico en Parvulos";"Origami Montessori";"No especifica";"2020-10-31 00:00:00";"2020-11-02 21:15:02";"Metropolitana, Providencia"
bne;NULL;crawler;NULL;"Bodeguero de Faena, Antofagasta";Confidencial;"No especifica";"2020-10-31 00:00:00";"2020-11-02 21:15:02";"Antofagasta, Antofagasta"
bne;NULL;crawler;NULL;"Guardia de seguridad para La Unión";"FFISS INGENIERIA EN SEGURIDAD Y RR.HH.";"No especifica";"2020-10-31 00:00:00";"2020-11-02 21:15:02";"Los Ríos, La Unión"
bne;NULL;crawler;NULL;"Chofer bodeguero";Sohad;"No especifica";"2020-10-31 00:00:00";"2020-11-02 21:15:02";"Metropolitana, Santiago"
linkedin;NULL;crawler;NULL;"Control de inventario";Artecolor;"Diseño gráfico";"2020-10-30 00:00:00";"2020-11-02 21:15:02";"Área metropolitana de Santiago"
linkedin;NULL;crawler;NULL;"Jefe de remuneraciones";"Taxtic Chile";Contabilidad;"2020-10-29 00:00:00";"2020-11-02 21:15:02";"3380600, Molina, Maule, Chile"
linkedin;NULL;crawler;NULL;"Sales Consultant";"MDX-Motorola Security";Telecomunicaciones;"2020-10-30 00:00:00";"2020-11-02 21:15:02";"Santiago Metropolitan, Chile"
neuvoo;NULL;crawler;NULL;"AutoPlanet busca Asesor de Tienda Full Time para Sucursal Maipú";Autoplanet;"No clasificada";"2020-09-09 00:00:00";"2020-11-02 21:15:02";Maipú
neuvoo;NULL;crawler;NULL;"Se Buscan Paseadores de Perros | Paseo de Perro";2x3.cl;"No clasificada";"2020-10-22 00:00:00";"2020-11-02 21:15:02";Peñalolén
getonbrd;NULL;crawler;NULL;"Técnico en Computación/Digitador";"EMENU CHILE SPA";"Servicio al Cliente";"2019-02-06 00:00:00";"2020-11-02 21:15:02";Santiago
neuvoo;NULL;crawler;NULL;"Se Buscan Podadores de árboles | Poda/Tala de Árboles";2x3.cl;"No clasificada";"2020-10-22 00:00:00";"2020-11-02 21:15:02";"Puerto Varas"
neuvoo;NULL;crawler;NULL;"Práctica Proyecto Finanzas Homologación Regional";"Banco Falabella";"No clasificada";"2020-10-22 00:00:00";"2020-11-02 21:15:02";Santiago
neuvoo;NULL;crawler;NULL;"Práctica Marketing Digital";"Banco Falabella";"No clasificada";"2020-10-22 00:00:00";"2020-11-02 21:15:02";Santiago
neuvoo;NULL;crawler;NULL;"Práctica Cruce de Seguros";"Banco Falabella";"No clasificada";"2020-10-22 00:00:00";"2020-11-02 21:15:02";Santiago
neuvoo;NULL;crawler;NULL;"SHIPMENTS MEMBER";NOWPORTS;"No clasificada";"2020-10-29 00:00:00";"2020-11-02 21:15:02";"Santiago Metropolitan Region, Chile"
neuvoo;NULL;crawler;NULL;"Se Buscan Proveedores de Karaoke | Arriendo de Karaoke";2x3.cl;"No clasificada";"2020-10-22 00:00:00";"2020-11-02 21:15:02";Santiago
neuvoo;NULL;crawler;NULL;"Se Buscan Podólogos | Podología";2x3.cl;"No clasificada";"2020-10-22 00:00:00";"2020-11-02 21:15:02";Maipú
neuvoo;NULL;crawler;NULL;"AutoPlanet busca Asesor de Tienda Full Time para Sucursal La Serena";Autoplanet;"No clasificada";"2020-10-06 00:00:00";"2020-11-03 01:15:02";"La Serena"
neuvoo;NULL;crawler;NULL;"Ingeniero de Ventas (correas transportadoras) - Antofagasta";"Michael Page";"No clasificada";"2020-10-31 00:00:00";"2020-11-03 01:15:02";"Antofagasta, CL"
neuvoo;NULL;crawler;NULL;"Gestor de Servicio al Cliente 20 horas AM";Verisure;"No clasificada";"2020-10-20 00:00:00";"2020-11-03 01:15:02";"Las Condes"
neuvoo;NULL;crawler;NULL;"Especialista en control de gestion";"Robert Half";"No clasificada";"2020-10-31 00:00:00";"2020-11-03 01:15:02";"Santiago, CL"
neuvoo;NULL;crawler;NULL;"Gerente de Proyecto - Calama";"Michael Page";"No clasificada";"2020-10-31 00:00:00";"2020-11-03 01:15:02";"Antofagasta, CL"
neuvoo;NULL;crawler;NULL;"Inspector Técnico de Obra";"Esval y Aguas del Valle";"No clasificada";"2020-10-23 00:00:00";"2020-11-03 05:15:02";Quillota
neuvoo;NULL;crawler;NULL;"Jefe de Administración - Puerto Montt";"Page Personnel";"No clasificada";"2020-10-29 00:00:00";"2020-11-03 05:15:02";"Puerto Montt, CL"
neuvoo;NULL;crawler;NULL;"BIM 5D Manager";"ZÜBLIN A/S";"No clasificada";"2020-10-30 00:00:00";"2020-11-03 05:15:02";"ZÜBLIN A"
neuvoo;NULL;crawler;NULL;"Se Buscan Profesores de Baile | Clases de Baile";2x3.cl;"No clasificada";"2020-10-21 00:00:00";"2020-11-03 05:15:02";Maipú
neuvoo;NULL;crawler;NULL;"Se Buscan Diseñadores Gráficos | Diseño Gráfico";2x3.cl;"No clasificada";"2020-10-21 00:00:00";"2020-11-03 05:15:02";Santiago
neuvoo;NULL;crawler;NULL;"Se Buscan Técnicos Informáticos | Servicio Recuperación de Datos";2x3.cl;"No clasificada";"2020-10-21 00:00:00";"2020-11-03 05:15:02";"Viña del Mar"
neuvoo;NULL;crawler;NULL;"Se Buscan Electricistas | Instalación de Iluminación";2x3.cl;"No clasificada";"2020-10-21 00:00:00";"2020-11-03 09:15:02";"Las Condes"
neuvoo;NULL;crawler;NULL;"Se Buscan Abogados de Divorcio | Abogado de Divorcio";2x3.cl;"No clasificada";"2020-10-20 00:00:00";"2020-11-03 09:15:02";Santiago
neuvoo;NULL;crawler;NULL;"Internal Recruiter";"Avispa Technology";"No clasificada";"2020-10-22 00:00:00";"2020-11-03 09:15:02";Santiago
neuvoo;NULL;crawler;NULL;"Se Buscan Gásfiters | Reparación de Tubería";2x3.cl;"No clasificada";"2020-10-21 00:00:00";"2020-11-03 09:15:02";"Puente Alto"
neuvoo;NULL;crawler;NULL;"Se Buscan Ensambladores de Muebles | Armado de Muebles";2x3.cl;"No clasificada";"2020-10-21 00:00:00";"2020-11-03 09:15:02";Antofagasta
trabajaenelestado;NULL;crawler;NULL;"Director(a), ILUSTRE MUNICIPALIDAD DE LOS ÁNGELES";"ESCUELA BASICA REPUBLICA DE ISRAEL, ILUSTRE MUNICIPALIDAD DE LOS ÁNGELES";"Educación /Docencia /Capacitación";"2020-10-30 00:00:00";"2020-11-03 09:15:02";"Los Angeles, Región del Biobío"
trabajaenelestado;NULL;crawler;NULL;"Director(a), ILUSTRE MUNICIPALIDAD DE LOS ÁNGELES";"ESCUELA BASICA SANTA CLARA DE CHACAYAL, ILUSTRE MUNICIPALIDAD DE LOS ÁNGELES";"Educación /Docencia /Capacitación";"2020-10-30 00:00:00";"2020-11-03 09:15:02";"Los Angeles, Región del Biobío"
neuvoo;NULL;crawler;NULL;"Se Buscan Especialistas en Piscinas | Limpieza/Mantención de Piscina";2x3.cl;"No clasificada";"2020-10-21 00:00:00";"2020-11-03 09:15:02";Chiguayante
neuvoo;NULL;crawler;NULL;"CTO - Gerente de Tecnología";Yapo.cl;"No clasificada";"2020-10-23 00:00:00";"2020-11-03 13:15:02";Santiago
neuvoo;NULL;crawler;NULL;"Officer-Loss Prevention";"Marriott Hotels";"No clasificada";"2020-10-22 00:00:00";"2020-11-03 13:15:02";Santiago
neuvoo;NULL;crawler;NULL;"Gerente de Transformación Financiera - Servicios - [LGU899]";"Michael Page";"No clasificada";"2020-10-31 00:00:00";"2020-11-03 13:15:02";"Estación Central"
neuvoo;NULL;crawler;NULL;"Se Buscan Técnicos Aire Acondicionado | Reparación y Mantención de Aire Acondicionado";2x3.cl;"No clasificada";"2020-10-21 00:00:00";"2020-11-03 13:15:02";Peñalolén
neuvoo;NULL;crawler;NULL;"(Cp-61) Nvg-24 | Director General De Hotel - (Cpo701) | AJ-963";"Empresa Reconocida";"No clasificada";"2020-10-31 00:00:00";"2020-11-03 13:15:02";"Puerto Varas"
neuvoo;NULL;crawler;NULL;"Analista de Despacho";"Chilexpress S.A.";"No clasificada";"2020-10-22 00:00:00";"2020-11-03 13:15:02";Santiago
neuvoo;NULL;crawler;NULL;"Se Buscan Corredores de Propiedades | Corredor de Propiedades";2x3.cl;"No clasificada";"2020-10-22 00:00:00";"2020-11-03 13:15:02";"San Bernardo"
neuvoo;NULL;crawler;NULL;"ANALISTA SENIOR EN RECURSOS HUMANOS";Sercomed;"No clasificada";"2020-10-26 00:00:00";"2020-11-03 13:15:02";Santiago
neuvoo;NULL;crawler;NULL;"Se Buscan Fotógrafos de Retratos | Fotografía de Retrato";2x3.cl;"No clasificada";"2020-10-21 00:00:00";"2020-11-03 13:15:02";Santiago
neuvoo;NULL;crawler;NULL;"Service Technician";Ecolab;"No clasificada";"2020-10-22 00:00:00";"2020-11-03 13:15:02";Santiago
neuvoo;NULL;crawler;NULL;"Ejecutivo de Servicios Financieros / Sucursal Maitencillo / Lider Bci";"Lider Bci Servicios Financieros";"No clasificada";"2020-10-27 00:00:00";"2020-11-03 13:15:02";Puchuncaví
neuvoo;NULL;crawler;NULL;"Se Buscan Dermatólogos | Dermatología";2x3.cl;"No clasificada";"2020-10-21 00:00:00";"2020-11-03 17:15:02";Concepcion
bne;NULL;crawler;NULL;Vendedor/vendedora;"BY CONEJO";"No especifica";"2020-10-30 00:00:00";"2020-11-03 17:15:02";"Metropolitana, Santiago"
bne;NULL;crawler;NULL;Vendedor/vendedora;"BY CONEJO";"No especifica";"2020-10-30 00:00:00";"2020-11-03 17:15:02";"Metropolitana, Santiago"
bne;NULL;crawler;NULL;Vendedor/vendedora;"BY CONEJO";"No especifica";"2020-10-30 00:00:00";"2020-11-03 17:15:02";"Metropolitana, Santiago"
bne;NULL;crawler;NULL;Vendedor/vendedora;"BY CONEJO";"No especifica";"2020-10-30 00:00:00";"2020-11-03 17:15:02";"Metropolitana, Vitacura"
bne;NULL;crawler;NULL;Vendedor/vendedora;"BY CONEJO";"No especifica";"2020-10-30 00:00:00";"2020-11-03 17:15:02";"Metropolitana, Santiago"
bne;NULL;crawler;NULL;Vendedor/vendedora;"BY CONEJO";"No especifica";"2020-10-30 00:00:00";"2020-11-03 17:15:02";"Metropolitana, Santiago"
bne;NULL;crawler;NULL;Vendedor/vendedora;"BY CONEJO";"No especifica";"2020-10-30 00:00:00";"2020-11-03 17:15:02";"Metropolitana, Santiago"
bne;NULL;crawler;NULL;Vendedor/vendedora;"BY CONEJO";"No especifica";"2020-10-30 00:00:00";"2020-11-03 17:15:02";"Metropolitana, Santiago"
bne;NULL;crawler;NULL;Vendedor/vendedora;"BY CONEJO";"No especifica";"2020-10-30 00:00:00";"2020-11-03 17:15:02";"Metropolitana, Santiago"
neuvoo;NULL;crawler;NULL;"164221 Analista Senior Ingresos Nivel L";Telefónica;"No clasificada";"2020-10-26 00:00:00";"2020-11-03 17:15:02";Santiago
neuvoo;NULL;crawler;NULL;"Se Buscan Profesores de Tenis | Clases de Tenis (para mi o mi grupo)";2x3.cl;"No clasificada";"2020-10-21 00:00:00";"2020-11-03 17:15:02";"San Bernardo"
neuvoo;NULL;crawler;NULL;"Se Buscan Gásfiters | Reparación/Mantención de Calefont/Caldera";2x3.cl;"No clasificada";"2020-10-21 00:00:00";"2020-11-03 17:15:02";"Puerto Montt"
getonbrd;NULL;crawler;NULL;"Scrum Master";Evertec;"Innovación y Agilidad";"2019-07-02 00:00:00";"2020-11-03 17:15:02";Santiago
trabajaenelestado;NULL;crawler;NULL;"Director(a), ILUSTRE MUNICIPALIDAD DE COYHAIQUE";"LICEO REPUBLICA ARGENTINA, ILUSTRE MUNICIPALIDAD DE COYHAIQUE";"Educación /Docencia /Capacitación";"2020-10-29 00:00:00";"2020-11-03 17:15:02";"Coyhaique, Región de Aysén del General Carlos Ibáñez del Campo"
trabajaenelestado;NULL;crawler;NULL;"Director(a), ILUSTRE MUNICIPALIDAD DE COYHAIQUE";"ESCUELA VICTOR DOMINGO SILVA, ILUSTRE MUNICIPALIDAD DE COYHAIQUE";"Educación /Docencia /Capacitación";"2020-10-29 00:00:00";"2020-11-03 17:15:02";"Coyhaique, Región de Aysén del General Carlos Ibáñez del Campo"
neuvoo;NULL;crawler;NULL;"Se Buscan Paisajistas | Paisajismo";2x3.cl;"No clasificada";"2020-10-22 00:00:00";"2020-11-03 17:15:02";"Pedro Aguirre Cerda"
neuvoo;NULL;crawler;NULL;"AutoPlanet busca Asesor de Tienda Full Time para Sucursal Concón";Autoplanet;"No clasificada";"2020-10-21 00:00:00";"2020-11-03 17:15:02";Concón
getonbrd;NULL;crawler;NULL;"Account Associate";Optmyzr;"Servicio al Cliente";"2018-10-04 00:00:00";"2020-11-03 21:15:03";"Santiago (temporalmente remoto)"
neuvoo;NULL;crawler;NULL;"Se Buscan Paisajistas | Paisajismo";2x3.cl;"No clasificada";"2020-10-22 00:00:00";"2020-11-03 21:15:03";Buin
laborum;NULL;crawler;NULL;"Operarios Bodega Maipu";"Xinergia Laboral S.A.";"Oficios y Otros";"2020-03-18 00:00:00";"2020-11-03 21:30:02";"Maipú, Región Metropolitana, Chile"
neuvoo;NULL;crawler;NULL;"Analista Marketing  Digital";ARMAS;"No clasificada";"2020-10-26 00:00:00";"2020-11-04 01:15:02";"Las Condes"
neuvoo;NULL;crawler;NULL;"Se Buscan Empresas de Juegos Inflables | Arriendo Juegos Inflables";2x3.cl;"No clasificada";"2020-10-23 00:00:00";"2020-11-04 01:15:02";"La Florida"
neuvoo;NULL;crawler;NULL;"Coordinador de Post Venta Inmobiliaria";ARMAS;"No clasificada";"2020-10-26 00:00:00";"2020-11-04 01:15:02";"Las Condes"
neuvoo;NULL;crawler;NULL;"Se Buscan Diseñadores de Logos | Diseño de Logo";2x3.cl;"No clasificada";"2020-10-21 00:00:00";"2020-11-04 01:15:02";Santiago
neuvoo;NULL;crawler;NULL;"Se Buscan Gásfiters | Reparación de Tubería";2x3.cl;"No clasificada";"2020-10-21 00:00:00";"2020-11-04 01:15:02";Antofagasta
neuvoo;NULL;crawler;NULL;"Practicante Marketing – Marcas Clásicas (Chile, Perú  y Ecuador)";GSK;"No clasificada";"2020-10-23 00:00:00";"2020-11-04 05:15:02";Santiago
neuvoo;NULL;crawler;NULL;"Analista Sistematización de Procesos TI";ARMAS;"No clasificada";"2020-10-26 00:00:00";"2020-11-04 05:15:02";"Las Condes"
neuvoo;NULL;crawler;NULL;"Administrativo de gestión logística";"Armada de Chile";"No clasificada";"2020-10-23 00:00:00";"2020-11-04 05:15:02";Valparaíso
neuvoo;NULL;crawler;NULL;"Ingeniero de infraestructura Senior";Yapo.cl;"No clasificada";"2020-10-26 00:00:00";"2020-11-04 05:15:02";"Las Condes"
neuvoo;NULL;crawler;NULL;"Se Buscan Pintores | Pintado de Exterior";2x3.cl;"No clasificada";"2020-10-23 00:00:00";"2020-11-04 05:15:02";"La Florida"
neuvoo;NULL;crawler;NULL;Intern;ENGIE;"No clasificada";"2020-10-23 00:00:00";"2020-11-04 05:15:02";Santiago
neuvoo;NULL;crawler;NULL;"Cloud Solution Architect - Security";Microsoft;"No clasificada";"2020-10-23 00:00:00";"2020-11-04 05:15:02";Santiago
neuvoo;NULL;crawler;NULL;DevOps;"Acid Labs";"No clasificada";"2020-10-23 00:00:00";"2020-11-04 05:15:02";Santiago
neuvoo;NULL;crawler;NULL;"Analista de reclutamiento y selección";"Muck Consultores";"No clasificada";"2020-10-25 00:00:00";"2020-11-04 05:15:02";Santiago
neuvoo;NULL;crawler;NULL;"DIBUJANTE TECNICO (CAMINO DE LA FRUTA)";"SACYR SA";"No clasificada";"2020-10-31 00:00:00";"2020-11-04 05:15:02";CL-CL-Chile
neuvoo;NULL;crawler;NULL;"Técnico de Instalaciones y mantenimientos en Terreno, Viña del Mar";Confidencial;"No clasificada";"2020-10-26 00:00:00";"2020-11-04 05:15:02";"Las Condes"
neuvoo;NULL;crawler;NULL;"Manager de Servicios y Soporte";Scotiabank;"No clasificada";"2020-10-23 00:00:00";"2020-11-04 05:15:02";Santiago
neuvoo;NULL;crawler;NULL;"Encargado de Calidad Empresa Constructora Iquique";ARMAS;"No clasificada";"2020-10-26 00:00:00";"2020-11-04 05:15:02";"Alto Hospicio"
neuvoo;NULL;crawler;NULL;"Onboarding & Catalogue Agent";Rappi;"No clasificada";"2020-10-23 00:00:00";"2020-11-04 05:15:02";Santiago
neuvoo;NULL;crawler;NULL;"McDonalds Las Condes y Lo Barnechea";McDonald's;"No clasificada";"2020-10-26 00:00:00";"2020-11-04 05:15:02";"Las Condes"
neuvoo;NULL;crawler;NULL;"Gestor de Atención al Cliente y Monitoreo turno 25 Horas AM";Verisure;"No clasificada";"2020-10-26 00:00:00";"2020-11-04 05:15:02";"Las Condes"
neuvoo;NULL;crawler;NULL;"Coordinador de Despacho";"Chilexpress S.A.";"No clasificada";"2020-10-23 00:00:00";"2020-11-04 05:15:02";Santiago
neuvoo;NULL;crawler;NULL;"Se Buscan Tasadores de Propiedades | Tasación de Propiedad";2x3.cl;"No clasificada";"2020-10-23 00:00:00";"2020-11-04 05:15:02";"Las Condes"
getonbrd;NULL;crawler;NULL;Desarrollador;CamiónGO;"Desarrollo Mobile";"2018-09-11 00:00:00";"2020-11-04 05:15:02";Santiago
neuvoo;NULL;crawler;NULL;"Práctica Riesgo Operacional y Ciberseguridad";"Seguros Falabella";"No clasificada";"2020-10-26 00:00:00";"2020-11-04 05:15:02";Santiago
neuvoo;NULL;crawler;NULL;"Vendedor Canal Tradicional para Región Metropolitana";Carozzi;"No clasificada";"2020-10-26 00:00:00";"2020-11-04 05:15:02";"Lo Espejo"
neuvoo;NULL;crawler;NULL;"Gestor de Servicio al Cliente 30 horas AM";Verisure;"No clasificada";"2020-10-26 00:00:00";"2020-11-04 05:15:02";"Las Condes"
neuvoo;NULL;crawler;NULL;"Se Buscan Técnicos de Electrodomésticos | Reparación/Mantención de Electrodoméstico";2x3.cl;"No clasificada";"2020-10-23 00:00:00";"2020-11-04 05:15:02";"Puente Alto"
neuvoo;NULL;crawler;NULL;"AutoPlanet busca Asesor de Tienda Full Time para Sucursal Cerrillos";Autoplanet;"No clasificada";"2020-10-08 00:00:00";"2020-11-04 09:15:02";"Lo Espejo"
neuvoo;NULL;crawler;NULL;"Se Buscan Maestros de Reiki | Curso de Reiki";2x3.cl;"No clasificada";"2020-10-23 00:00:00";"2020-11-04 09:15:02";Providencia
neuvoo;NULL;crawler;NULL;"Se Buscan Lectores de Mano | Lectura de Manos";2x3.cl;"No clasificada";"2020-10-23 00:00:00";"2020-11-04 09:15:02";"La Serena"
neuvoo;NULL;crawler;NULL;"Importante empresa Multinacional prestadora de Servicios a la Minería busca Ingeniero Control de Gestión para la ciudad de Santiago";Confidencial;"No clasificada";"2020-10-09 00:00:00";"2020-11-04 09:15:02";"Estación Central"
neuvoo;NULL;crawler;NULL;"Desarrollador backend";"Stefanini Chile S.A.";"No clasificada";"2020-10-31 00:00:00";"2020-11-04 13:15:02";"Santiago - Pudahuel, R.Metropolitana (CL), CL"
neuvoo;NULL;crawler;NULL;"Técnico Mecánico, Electricidad y/o Electromecánico Maquinaria Pesada Ciudad Calama";Confidencial;"No clasificada";"2020-10-22 00:00:00";"2020-11-04 13:15:02";Calama
neuvoo;NULL;crawler;NULL;"Se Buscan Barmans | Barman";2x3.cl;"No clasificada";"2020-10-23 00:00:00";"2020-11-04 13:15:02";"Los Andes"
neuvoo;NULL;crawler;NULL;"Se Buscan Especialistas Marketing | Marketing Redes Sociales";2x3.cl;"No clasificada";"2020-10-22 00:00:00";"2020-11-04 13:15:02";"Padre Las Casas"
neuvoo;NULL;crawler;NULL;"Enterprise Sales Account Manager";Amazon;"No clasificada";"2020-10-23 00:00:00";"2020-11-04 13:15:02";Santiago
neuvoo;NULL;crawler;NULL;"Se Buscan Curadores | Medicina Alternativa";2x3.cl;"No clasificada";"2020-10-24 00:00:00";"2020-11-04 13:15:02";Huechuraba
neuvoo;NULL;crawler;NULL;"Product Owner";"Stefanini Chile S.A.";"No clasificada";"2020-10-31 00:00:00";"2020-11-04 13:15:02";"Santiago Centro, R.Metropolitana (CL), CL"
getonbrd;NULL;crawler;NULL;"Desarrollador Front-end";CamiónGO;"Desarrollo Mobile";"2020-03-16 00:00:00";"2020-11-04 13:15:02";Remoto
neuvoo;NULL;crawler;NULL;"Asesor HSE - Q / Ingeniero en Prevención de Riesgos";"CIMIC Group";"No clasificada";"2020-10-31 00:00:00";"2020-11-04 13:15:02";"Chile - All"
neuvoo;NULL;crawler;NULL;"Se Buscan Especialistas Marketing | Marketing Redes Sociales";2x3.cl;"No clasificada";"2020-10-22 00:00:00";"2020-11-04 13:15:02";Concepcion
neuvoo;NULL;crawler;NULL;"Se Buscan Limpiadores de Ventanas | Limpieza de Ventanas";2x3.cl;"No clasificada";"2020-10-22 00:00:00";"2020-11-04 13:15:02";"Viña del Mar"
neuvoo;NULL;crawler;NULL;"Desarrollador Android Nativo";SoluNegocios;"No clasificada";"2020-10-31 00:00:00";"2020-11-04 13:15:02";"Santiago Centro, R.Metropolitana (CL), CL"
getonbrd;NULL;crawler;NULL;"Especialista en Marketing Digital";Arkhotech;"Marketing Digital";"2020-05-18 00:00:00";"2020-11-04 13:15:02";Remoto
neuvoo;NULL;crawler;NULL;"Se Buscan Profesores de Pilates | Clases de Pilates";2x3.cl;"No clasificada";"2020-10-22 00:00:00";"2020-11-04 17:15:02";"Las Condes"
neuvoo;NULL;crawler;NULL;"Se Buscan Astrólogos | Lectura de Astrología";2x3.cl;"No clasificada";"2020-10-24 00:00:00";"2020-11-04 17:15:02";Santiago
neuvoo;NULL;crawler;NULL;"Se Buscan Quiroprácticos | Quiropráctico";2x3.cl;"No clasificada";"2020-10-24 00:00:00";"2020-11-04 17:15:02";Ñuñoa
neuvoo;NULL;crawler;NULL;"Se Buscan Conductores de Bus | Arriendo Bus para Evento";2x3.cl;"No clasificada";"2020-10-24 00:00:00";"2020-11-04 17:15:03";"El Bosque"
neuvoo;NULL;crawler;NULL;"Se Buscan Electricistas | Instalación de Interruptores/Enchufes";2x3.cl;"No clasificada";"2020-10-22 00:00:00";"2020-11-04 17:15:03";Ñuñoa
neuvoo;NULL;crawler;NULL;"AUXILIAR ADMINISTRATIVO";"Zurich Insurance Company";"No clasificada";"2020-10-30 00:00:00";"2020-11-04 17:15:03";"Chile, Chile"
neuvoo;NULL;crawler;NULL;"Se Buscan Podólogos | Podología";2x3.cl;"No clasificada";"2020-10-24 00:00:00";"2020-11-04 17:15:03";Valparaiso
neuvoo;NULL;crawler;NULL;"Se Buscan Abogados de Familia | Abogado de Familia";2x3.cl;"No clasificada";"2020-10-22 00:00:00";"2020-11-04 17:15:03";Santiago
neuvoo;NULL;crawler;NULL;"Se Buscan Dermatólogos | Dermatología";2x3.cl;"No clasificada";"2020-10-22 00:00:00";"2020-11-04 17:15:03";Macul
neuvoo;NULL;crawler;NULL;"Se Buscan Barberos | Servicio de Barbería";2x3.cl;"No clasificada";"2020-10-24 00:00:00";"2020-11-04 17:15:03";Pudahuel
neuvoo;NULL;crawler;NULL;"Se Buscan Instaladores de Pasto | Instalación de Pasto";2x3.cl;"No clasificada";"2020-10-22 00:00:00";"2020-11-04 17:15:03";"Puente Alto"
neuvoo;NULL;crawler;NULL;"Se Buscan Maestros de Reiki | Curso de Reiki";2x3.cl;"No clasificada";"2020-10-23 00:00:00";"2020-11-04 17:15:03";Futrono
neuvoo;NULL;crawler;NULL;"Se Buscan Productores de Videos | Producción de Video";2x3.cl;"No clasificada";"2020-10-24 00:00:00";"2020-11-04 17:15:03";"La Serena"
neuvoo;NULL;crawler;NULL;"Se Buscan Profesores de Pilates | Clases de Pilates";2x3.cl;"No clasificada";"2020-10-22 00:00:00";"2020-11-04 17:15:03";"La Florida"
neuvoo;NULL;crawler;NULL;"Se Buscan Electricistas | Instalación de Interruptores/Enchufes";2x3.cl;"No clasificada";"2020-10-22 00:00:00";"2020-11-04 17:15:03";"Los Andes"
neuvoo;NULL;crawler;NULL;"Se Buscan Videógrafos | Filmación de Evento";2x3.cl;"No clasificada";"2020-10-23 00:00:00";"2020-11-04 17:15:03";Pudahuel
neuvoo;NULL;crawler;NULL;"Se Buscan Gásfiters | Instalación/Reemplazo de Lavamanos/Grifo";2x3.cl;"No clasificada";"2020-10-22 00:00:00";"2020-11-04 17:15:03";"Puente Alto"
neuvoo;NULL;crawler;NULL;"Se Buscan Podadores de árboles | Poda/Tala de Árboles";2x3.cl;"No clasificada";"2020-10-24 00:00:00";"2020-11-04 17:15:03";Conchalí
linkedin;NULL;crawler;NULL;"Jefe de Procesos";"ICB S.A";"Alimentación y bebidas";"2020-10-20 00:00:00";"2020-11-04 18:30:02";"Santiago, Santiago Metropolitan, Chile"
neuvoo;NULL;crawler;NULL;"Se Buscan Fotógrafos Publicitarios | Fotografía Publicitaria";2x3.cl;"No clasificada";"2020-10-22 00:00:00";"2020-11-04 21:15:02";Colina
neuvoo;NULL;crawler;NULL;"Se Buscan Diseñadores Gráficos | Diseño Gráfico";2x3.cl;"No clasificada";"2020-10-23 00:00:00";"2020-11-04 21:15:02";"La Serena"
neuvoo;NULL;crawler;NULL;"Se Buscan Profesores de Yoga | Clases de Yoga";2x3.cl;"No clasificada";"2020-10-22 00:00:00";"2020-11-04 21:15:02";Quilpué
neuvoo;NULL;crawler;NULL;"Se Buscan Dermatólogos | Dermatología";2x3.cl;"No clasificada";"2020-10-22 00:00:00";"2020-11-04 21:15:02";Santiago
neuvoo;NULL;crawler;NULL;"Se Buscan Editores de Video | Edición de Video";2x3.cl;"No clasificada";"2020-10-24 00:00:00";"2020-11-04 21:15:02";"Viña del Mar"
neuvoo;NULL;crawler;NULL;"Se Buscan Diseñadores de Logos | Diseño de Logo";2x3.cl;"No clasificada";"2020-10-24 00:00:00";"2020-11-04 21:15:02";Talca
neuvoo;NULL;crawler;NULL;"Se Buscan Abogados de Divorcio | Abogado de Divorcio";2x3.cl;"No clasificada";"2020-10-22 00:00:00";"2020-11-04 21:15:02";Santiago
neuvoo;NULL;crawler;NULL;"Se Buscan Editores de Video | Edición de Video";2x3.cl;"No clasificada";"2020-10-23 00:00:00";"2020-11-04 21:15:02";Providencia
neuvoo;NULL;crawler;NULL;"Se Buscan Jardineros | Corte de Pasto";2x3.cl;"No clasificada";"2020-10-24 00:00:00";"2020-11-04 21:15:02";"Villa Alemana"
neuvoo;NULL;crawler;NULL;"Se Buscan Gásfiters | Reparación de Inodoro";2x3.cl;"No clasificada";"2020-10-22 00:00:00";"2020-11-04 21:15:02";Vitacura
neuvoo;NULL;crawler;NULL;"Developer Backend - Salesforce";Consorcio;"No clasificada";"2020-10-06 00:00:00";"2020-11-05 01:15:02";Santiago
neuvoo;NULL;crawler;NULL;"Se Buscan Fotógrafos Publicitarios | Fotografía Publicitaria";2x3.cl;"No clasificada";"2020-10-22 00:00:00";"2020-11-05 01:15:02";"Viña del Mar"
neuvoo;NULL;crawler;NULL;"Business Analytics Specialist";Binance;"No clasificada";"2020-10-05 00:00:00";"2020-11-05 01:15:02";Santiago
neuvoo;NULL;crawler;NULL;"Supervisor de mantenimiento";IBIS;"No clasificada";"2020-10-26 00:00:00";"2020-11-05 01:15:02";Valparaiso
neuvoo;NULL;crawler;NULL;"Ingeniero/a de Estudios Tarifarios";"Grupo Saesa";"No clasificada";"2020-10-20 00:00:00";"2020-11-05 01:15:02";Santiago
neuvoo;NULL;crawler;NULL;"Especialista de servicios en Eliminación de Plagas- Calama";Ecolab;"No clasificada";"2020-10-05 00:00:00";"2020-11-05 01:15:02";Antofagasta
neuvoo;NULL;crawler;NULL;"Prácticas 2021 - Investigación y Desarrollo";Abbott;"No clasificada";"2020-10-05 00:00:00";"2020-11-05 01:15:02";Santiago
neuvoo;NULL;crawler;NULL;"AutoPlanet busca Asesor de Tienda Full Time para Sucursal Quilicura";Autoplanet;"No clasificada";"2020-09-22 00:00:00";"2020-11-05 01:15:02";"Estación Central"
neuvoo;NULL;crawler;NULL;"Práctica Ingeniería Industrial y Business Excellence";Abbott;"No clasificada";"2020-10-05 00:00:00";"2020-11-05 01:30:03";Santiago
neuvoo;NULL;crawler;NULL;"Vigilante Privado";Coopeuch;"No clasificada";"2020-10-26 00:00:00";"2020-11-05 01:30:03";Antofagasta
neuvoo;NULL;crawler;NULL;"Chófer de Transporte de combustible";"Transportes Geminis";"No clasificada";"2020-10-22 00:00:00";"2020-11-05 05:15:02";Antofagasta
neuvoo;NULL;crawler;NULL;Administrador;Wood;"No clasificada";"2020-10-29 00:00:00";"2020-11-05 05:15:02";Santiago
neuvoo;NULL;crawler;NULL;"Ingeniero de Datos";WHO&Co;"No clasificada";"2020-10-27 00:00:00";"2020-11-05 05:15:02";Santiago
neuvoo;NULL;crawler;NULL;"Hotel Sales I";IBIS;"No clasificada";"2020-10-26 00:00:00";"2020-11-05 05:15:02";Santiago
neuvoo;NULL;crawler;NULL;"Mecánico de Segunda";"Transportes Geminis";"No clasificada";"2020-10-22 00:00:00";"2020-11-05 05:15:02";Calama
neuvoo;NULL;crawler;NULL;"Se Buscan Jardineros | Corte de Pasto";2x3.cl;"No clasificada";"2020-10-24 00:00:00";"2020-11-05 05:15:02";Frutillar
neuvoo;NULL;crawler;NULL;"Encargado Planta Producción en Putaendo";"Esval y Aguas del Valle";"No clasificada";"2020-10-31 00:00:00";"2020-11-05 09:15:02";"Valparaíso: San Felipe de Aconcagua, Chile"
neuvoo;NULL;crawler;NULL;"Médico Cirujano Reemplazo";"Mutual de Seguridad";"No clasificada";"2020-10-31 00:00:00";"2020-11-05 09:15:02";"Biobío Concepción, Chile"
neuvoo;NULL;crawler;NULL;"(Z501) | ADJOINT ADMINISTRATIF (M/F/X) POUR LA DIRECTION DU CONTRÔLE PHYSIQUE (niveau D)";"Portail de la Wallonie";"No clasificada";"2020-10-30 00:00:00";"2020-11-05 13:15:03";"Puente Alto"
neuvoo;NULL;crawler;NULL;"Analista Control de Gestión (Minería), Santiago, Chile (Proceso Inclusivo) - (L-587)";"Liebherr Chile SpA";"No clasificada";"2020-10-20 00:00:00";"2020-11-05 13:15:03";"Estación Central"
neuvoo;NULL;crawler;NULL;"E185 Technical Developer";"RRHH LUIS ROBERTO AICHELE VIERTEL E.I.R.L.";"No clasificada";"2020-10-23 00:00:00";"2020-11-05 13:15:03";Providencia
neuvoo;NULL;crawler;NULL;"Analista Químico";SQM;"No clasificada";"2020-10-27 00:00:00";"2020-11-05 13:15:03";Antofagasta
neuvoo;NULL;crawler;NULL;"[CN439] - Control de Calidad (Teno)";"COPEFRUT S.A.";"No clasificada";"2020-10-22 00:00:00";"2020-11-05 13:15:03";Teno
neuvoo;NULL;crawler;NULL;"[RV143] Agentes Mesa de Soporte (Oferta Inclusiva)";"Importante Empresa de Tecnología";"No clasificada";"2020-10-20 00:00:00";"2020-11-05 13:15:03";Huechuraba
neuvoo;NULL;crawler;NULL;"PM-149 - Analista control de gestión";"SKY AIRLINE SA";"No clasificada";"2020-10-20 00:00:00";"2020-11-05 13:15:03";Santiago
neuvoo;NULL;crawler;NULL;"(Sz876) Cajero Retail Arauco Maipú (Por Proyecto) | (TIX-474)";"Importante Empresa";"No clasificada";"2020-10-26 00:00:00";"2020-11-05 13:15:03";Maipú
neuvoo;NULL;crawler;NULL;"Operario de producción, San Bernardo, Renta 325.000 (liquido) - Turno Rotativo, 4 x 3 - [J862]";Cygnus;"No clasificada";"2020-10-22 00:00:00";"2020-11-05 13:15:03";"San Bernardo"
neuvoo;NULL;crawler;NULL;"KAM - (TKI587)";"KSB Chile S.A.";"No clasificada";"2020-10-22 00:00:00";"2020-11-05 13:15:03";Hualpén
neuvoo;NULL;crawler;NULL;"Operario de Grua Horquilla - San bernardo [EE668]";"GRUPO EXPRO";"No clasificada";"2020-10-22 00:00:00";"2020-11-05 13:15:03";"San Bernardo"
neuvoo;NULL;crawler;NULL;"[RK910] - Administrador/a MARC";"Teck Resources Limited";"No clasificada";"2020-10-27 00:00:00";"2020-11-05 13:15:03";Tarapacá
neuvoo;NULL;crawler;NULL;"Ejecutivo Call Center Seguros Teletrabajo | RAS-562";IBRCHILE;"No clasificada";"2020-10-20 00:00:00";"2020-11-05 13:15:03";"Estación Central"
neuvoo;NULL;crawler;NULL;"Vendedor Ruta Temporada Viña del Mar NFJ93";CCU;"No clasificada";"2020-10-24 00:00:00";"2020-11-05 13:15:03";Valparaíso
neuvoo;NULL;crawler;NULL;"Jefe De Sala Supermercado";"Adecco Chile";"No clasificada";"2020-08-27 00:00:00";"2020-11-05 13:15:03";Casablanca
neuvoo;NULL;crawler;NULL;"(OCJ709) Operador/a de Sala 18 Horas, Formato SuperBodega aCuenta, Reapertura San Bernardo";Walmart;"No clasificada";"2020-10-22 00:00:00";"2020-11-05 13:15:03";Santiago
neuvoo;NULL;crawler;NULL;"Especialista de Aplicaciones de Campo / Field Application Specialist";"Fisher Clinical Services";"No clasificada";"2020-10-23 00:00:00";"2020-11-05 13:15:03";Santiago
neuvoo;NULL;crawler;NULL;"(VMH022) Especialista Sgi_ Faena Eléctrica Antofagasta Wft516";B.Bosch;"No clasificada";"2020-10-26 00:00:00";"2020-11-05 13:15:03";Antofagasta
neuvoo;NULL;crawler;NULL;"Líder de Proyecto 3 [L755]";"SONDA IT";"No clasificada";"2020-10-20 00:00:00";"2020-11-05 13:15:03";Santiago
neuvoo;NULL;crawler;NULL;"[JQ823] SENSADOR";"Reconocida empresa";"No clasificada";"2020-10-23 00:00:00";"2020-11-05 13:15:03";Quillota
neuvoo;NULL;crawler;NULL;"Aspirante de Cocina - Coronel | RPE047";"Computrabajo Chile";"No clasificada";"2020-10-22 00:00:00";"2020-11-05 13:15:03";Coronel
neuvoo;NULL;crawler;NULL;"(UC00) - Práctica Proyecto Finanzas Homologación Regional";"Banco Falabella";"No clasificada";"2020-10-22 00:00:00";"2020-11-05 13:15:03";Santiago
neuvoo;NULL;crawler;NULL;Comprador;Cornershop;"No clasificada";"2020-10-28 00:00:00";"2020-11-05 13:15:03";"Lo Espejo"
neuvoo;NULL;crawler;NULL;"[GFE898] | Administrativo de Soporte / Las Condes";XinerLink;"No clasificada";"2020-10-20 00:00:00";"2020-11-05 13:30:03";"Las Condes"
neuvoo;NULL;crawler;NULL;"Ejecutivos de ventas - Valparaíso [C7]";"Empresa Confidencial";"No clasificada";"2020-10-23 00:00:00";"2020-11-05 13:30:03";Valparaíso
neuvoo;NULL;crawler;NULL;"Práctica Diseño para Ventas Corporativas";Nestlé;"No clasificada";"2020-10-26 00:00:00";"2020-11-05 17:15:02";"Las Condes"
neuvoo;NULL;crawler;NULL;"Analista Control de Gestión y Planificación";"Falabella Financiero";"No clasificada";"2020-10-27 00:00:00";"2020-11-05 17:15:02";Santiago
neuvoo;NULL;crawler;NULL;"Se Buscan Tasadores de Propiedades | Tasación de Propiedad";2x3.cl;"No clasificada";"2020-10-26 00:00:00";"2020-11-05 17:15:02";Quilpué
neuvoo;NULL;crawler;NULL;"Administrativo de Bodega Curicó";"NS Agro";"No clasificada";"2020-10-27 00:00:00";"2020-11-05 17:15:03";Curico
neuvoo;NULL;crawler;NULL;"Se Buscan Paseadores de Perros | Paseo de Perro";2x3.cl;"No clasificada";"2020-10-23 00:00:00";"2020-11-05 17:15:03";"La Serena"
neuvoo;NULL;crawler;NULL;"Administrativo de Recaudación RM";"ENERGY FITNESS CLUBS S.P.A.";"No clasificada";"2020-10-27 00:00:00";"2020-11-05 17:15:03";"Estación Central"
neuvoo;NULL;crawler;NULL;"Se Buscan Limpiadores de Ventanas | Limpieza de Ventanas";2x3.cl;"No clasificada";"2020-10-23 00:00:00";"2020-11-05 17:15:03";"La Florida"
neuvoo;NULL;crawler;NULL;"Práctica Ingeniería Química o Industrial para Fábrica Los Angeles";Nestlé;"No clasificada";"2020-10-27 00:00:00";"2020-11-05 17:15:03";"Los Ángeles"
neuvoo;NULL;crawler;NULL;"Asesor de Proyecto, Ingeniero en Prevención RM";Confidencial;"No clasificada";"2020-10-27 00:00:00";"2020-11-05 17:15:03";Santiago
neuvoo;NULL;crawler;NULL;"Se Buscan Electricistas | Reparación de Interruptores/Enchufes";2x3.cl;"No clasificada";"2020-10-24 00:00:00";"2020-11-05 21:15:02";Santiago
neuvoo;NULL;crawler;NULL;"OR-395 | ayudante avanzado de mueblista";"heidi molina";"No clasificada";"2020-10-20 00:00:00";"2020-11-05 21:15:02";Santiago
neuvoo;NULL;crawler;NULL;"Fullstack Developer - (Multitienda)";"Acid Labs";"No clasificada";"2020-10-26 00:00:00";"2020-11-05 21:15:02";Santiago
neuvoo;NULL;crawler;NULL;"Se Buscan Especialistas en Puertas | Instalación de Puerta";2x3.cl;"No clasificada";"2020-10-24 00:00:00";"2020-11-05 21:15:02";Macul
neuvoo;NULL;crawler;NULL;"DIEÑADORA/OR RT42";"IMPRECOD LABELS E.I.R.L.";"No clasificada";"2020-10-28 00:00:00";"2020-11-05 21:15:02";Santiago
neuvoo;NULL;crawler;NULL;"CAPATAZ | [OR-172]";"CONSTRUCTORA RIVERA";"No clasificada";"2020-10-20 00:00:00";"2020-11-05 21:15:02";Concepción
neuvoo;NULL;crawler;NULL;"- Operador Mantenedor Planta OR (Calama) (FQB334)";Helpnet;"No clasificada";"2020-10-20 00:00:00";"2020-11-05 21:15:02";Antofagasta
neuvoo;NULL;crawler;NULL;"Arquitecto de IntegraciÃ³n (Banca)";"Acid Labs";"No clasificada";"2020-10-26 00:00:00";"2020-11-05 21:15:02";Santiago
neuvoo;NULL;crawler;NULL;"OR-488 - Ayudante Soldador Mig";"Full Marketing Solutions Chile Spa";"No clasificada";"2020-10-29 00:00:00";"2020-11-05 21:15:02";"Quinta Normal"
neuvoo;NULL;crawler;NULL;"Or-926 | Medio Ambiente - (VZR-805)";"To Jobs";"No clasificada";"2020-10-31 00:00:00";"2020-11-05 21:15:02";"Aysén, Chile"
neuvoo;NULL;crawler;NULL;"Operario Eléctrico de Mantención McDonalds La Florida, Puente Alto";McDonald's;"No clasificada";"2020-10-24 00:00:00";"2020-11-05 21:15:02";"La Florida"
neuvoo;NULL;crawler;NULL;"Se Buscan Programadores Web | Programación Web";2x3.cl;"No clasificada";"2020-10-25 00:00:00";"2020-11-05 21:15:02";"La Reina"
neuvoo;NULL;crawler;NULL;"(S244) Trabajo Dieñadora/Or";"El Templo";"No clasificada";"2020-10-29 00:00:00";"2020-11-05 21:15:02";"Estación Central"
neuvoo;NULL;crawler;NULL;"Se Buscan Profesores de Inglés | Clases de Inglés";2x3.cl;"No clasificada";"2020-10-24 00:00:00";"2020-11-05 21:15:02";"La Serena"
neuvoo;NULL;crawler;NULL;"Guardias La Florida 4X4 | [OR-477]";"Reclutamiento Pro";"No clasificada";"2020-10-20 00:00:00";"2020-11-05 21:15:02";"Estación Central"
neuvoo;NULL;crawler;NULL;"[OR-584] Analista Operación y Monitoreo Ciberseguridad";Widefense;"No clasificada";"2020-10-20 00:00:00";"2020-11-05 21:15:02";"Estación Central"
neuvoo;NULL;crawler;NULL;"Se Buscan Instaladores de Pasto | Instalación de Pasto";2x3.cl;"No clasificada";"2020-10-24 00:00:00";"2020-11-05 21:15:02";Valparaíso
neuvoo;NULL;crawler;NULL;"Operador Mantenedor Planta Or | (LW-444)";"Aguasin, Una Empresa Chemtreat";"No clasificada";"2020-10-20 00:00:00";"2020-11-05 21:15:02";Antofagasta
neuvoo;NULL;crawler;NULL;"(OR-099) - Se Buscan Masajistas | Masaje";2x3.cl;"No clasificada";"2020-10-27 00:00:00";"2020-11-05 21:15:02";Buin
neuvoo;NULL;crawler;NULL;"Ruby on Rails Developer (Farmacia)";"Acid Labs";"No clasificada";"2020-10-26 00:00:00";"2020-11-05 21:15:02";Santiago
neuvoo;NULL;crawler;NULL;"[OR-441] Profesional de terreno";"Constructora Ingal";"No clasificada";"2020-10-20 00:00:00";"2020-11-05 21:15:02";"La Granja"
neuvoo;NULL;crawler;NULL;"UX- UI Designer Banca";"Acid Labs";"No clasificada";"2020-10-26 00:00:00";"2020-11-05 21:15:02";Santiago
neuvoo;NULL;crawler;NULL;"OR-138 | Fak-911 - Paramedico";"Adecco Chile";"No clasificada";"2020-10-25 00:00:00";"2020-11-05 21:15:02";Hualpén
neuvoo;NULL;crawler;NULL;"Ingeniero Logístico Experto en Supply Chain";"SSI Outsourcing";"No clasificada";"2020-10-26 00:00:00";"2020-11-05 21:15:02";Santiago
neuvoo;NULL;crawler;NULL;"Movilizador de camiones - [OR-205]";Maylogistic;"No clasificada";"2020-10-28 00:00:00";"2020-11-05 21:15:02";Graneros
neuvoo;NULL;crawler;NULL;"Supervisor De Seguridad. - (OR-739)";"Parque Del Recuerdo";"No clasificada";"2020-10-20 00:00:00";"2020-11-05 21:15:02";Huechuraba
neuvoo;NULL;crawler;NULL;"(V-733) - Or-110 Scrum Master";Bci;"No clasificada";"2020-10-25 00:00:00";"2020-11-05 21:15:02";"Estación Central"
neuvoo;NULL;crawler;NULL;"Se Buscan Inspectores de Extintores | Inspección o Recarga de Extintores";2x3.cl;"No clasificada";"2020-10-27 00:00:00";"2020-11-05 21:15:02";"La Cisterna"
neuvoo;NULL;crawler;NULL;"Operarios(As) Sin Experiencia !!! [OR-149]";Xinerlink;"No clasificada";"2020-10-20 00:00:00";"2020-11-05 21:15:02";"Estación Central"
neuvoo;NULL;crawler;NULL;"Operador de Calderas";Carozzi;"No clasificada";"2020-10-27 00:00:00";"2020-11-05 21:15:02";"Lo Espejo"
neuvoo;NULL;crawler;NULL;"Frontend Developer Angular (ISAPRE)";"Acid Labs";"No clasificada";"2020-10-26 00:00:00";"2020-11-05 21:15:02";Santiago
neuvoo;NULL;crawler;NULL;"OR-641 - Ejecutivo Comercial (Antofagasta)";"Importante empresa del sector";"No clasificada";"2020-10-20 00:00:00";"2020-11-05 21:15:02";Antofagasta
neuvoo;NULL;crawler;NULL;"OR-278 Encargado E-commerce";"Wurth Chile Limitada.";"No clasificada";"2020-10-20 00:00:00";"2020-11-05 21:15:02";"Las Condes"
neuvoo;NULL;crawler;NULL;"V59 - Trabajo Diseñadora (Or) En Práctica";"Inversiones Y Servicios Arsa..";"No clasificada";"2020-10-20 00:00:00";"2020-11-05 21:15:02";"Estación Central"
neuvoo;NULL;crawler;NULL;"Diseñadora (or) en práctica | [IR573]";Minassian;"No clasificada";"2020-10-20 00:00:00";"2020-11-05 21:15:02";Santiago
neuvoo;NULL;crawler;NULL;"Se Buscan Gásfiters | Reparación de Tubería";2x3.cl;"No clasificada";"2020-10-24 00:00:00";"2020-11-05 21:15:02";Lampa
neuvoo;NULL;crawler;NULL;"Ejecutivos (as) de Venta Repuestos Automotrices";Catenon;"No clasificada";"2020-10-23 00:00:00";"2020-11-05 21:30:03";Santiago
neuvoo;NULL;crawler;NULL;"Arquitecto Cloud (Banca)";"Acid Labs";"No clasificada";"2020-10-26 00:00:00";"2020-11-05 21:30:03";Santiago
neuvoo;NULL;crawler;NULL;"Se Buscan Abogados de Divorcio | Abogado de Divorcio";2x3.cl;"No clasificada";"2020-10-23 00:00:00";"2020-11-05 21:30:03";Concepcion
neuvoo;NULL;crawler;NULL;"Hotel Sales Multihotel";IBIS;"No clasificada";"2020-10-26 00:00:00";"2020-11-05 21:30:03";Santiago
neuvoo;NULL;crawler;NULL;"Ingeniero En Informática/Analista De Qa OR-544";"Importante grupo";"No clasificada";"2020-10-20 00:00:00";"2020-11-05 21:30:03";"Estación Central"
neuvoo;NULL;crawler;NULL;"Trabajo Nana Lo Barnechea - [OR-724]";"Muebles Castisar";"No clasificada";"2020-10-20 00:00:00";"2020-11-05 21:30:03";"Estación Central"
neuvoo;NULL;crawler;NULL;"[OR-637] Administrador Trainee Osorno";"Reconocida empresa";"No clasificada";"2020-10-30 00:00:00";"2020-11-05 21:30:03";Osorno
neuvoo;NULL;crawler;NULL;"Se Buscan Cuidadores de Mascota | Cuidado de Mascota";2x3.cl;"No clasificada";"2020-10-26 00:00:00";"2020-11-05 21:30:03";Santiago
neuvoo;NULL;crawler;NULL;"Se Buscan Contratistas | Contratista Construcción";2x3.cl;"No clasificada";"2020-10-25 00:00:00";"2020-11-05 21:30:03";Lampa
neuvoo;NULL;crawler;NULL;"(OR-546) Cfp-702 | Scrum Master";"Zenta Group";"No clasificada";"2020-10-25 00:00:00";"2020-11-05 21:30:03";"Estación Central"
neuvoo;NULL;crawler;NULL;"Asesor de Proyecto , Ingeniero en Prevención de Riesgos RM.";Confidencial;"No clasificada";"2020-10-27 00:00:00";"2020-11-05 21:30:03";Santiago
neuvoo;NULL;crawler;NULL;"Se Buscan Fotógrafos de Retratos | Fotografía de Retrato";2x3.cl;"No clasificada";"2020-10-24 00:00:00";"2020-11-06 01:15:02";Maipú
neuvoo;NULL;crawler;NULL;"Se Buscan Estilistas para Eventos | Estilista para Evento";2x3.cl;"No clasificada";"2020-10-26 00:00:00";"2020-11-06 01:15:02";"La Cisterna"
neuvoo;NULL;crawler;NULL;"Se Buscan Eléctricos | Reparación Caja de Fusibles";2x3.cl;"No clasificada";"2020-10-27 00:00:00";"2020-11-06 01:15:02";Pudahuel
neuvoo;NULL;crawler;NULL;"Industry Solutions Architect, Supply Chain, Google Cloud";Google;"No clasificada";"2020-10-27 00:00:00";"2020-11-06 01:15:02";Santiago
neuvoo;NULL;crawler;NULL;"Se Buscan Reparadores de Muebles | Reparación de Muebles";2x3.cl;"No clasificada";"2020-10-26 00:00:00";"2020-11-06 01:15:02";Huechuraba
neuvoo;NULL;crawler;NULL;"Se Buscan Cerrajeros | Cerrajería";2x3.cl;"No clasificada";"2020-10-26 00:00:00";"2020-11-06 01:15:02";"Las Condes"
neuvoo;NULL;crawler;NULL;"Ingeniero DevOps";Adevinta;"No clasificada";"2020-10-26 00:00:00";"2020-11-06 01:15:02";Santiago
neuvoo;NULL;crawler;NULL;"Se Buscan Montadores de TV | Montaje de TV";2x3.cl;"No clasificada";"2020-10-26 00:00:00";"2020-11-06 01:15:02";Peñalolén
neuvoo;NULL;crawler;NULL;"Fullstack Developer - NodeJS / Angular(Salud)";"Acid Labs";"No clasificada";"2020-10-26 00:00:00";"2020-11-06 01:15:02";Santiago
neuvoo;NULL;crawler;NULL;"Se Buscan Pediatras | Pediatría";2x3.cl;"No clasificada";"2020-10-26 00:00:00";"2020-11-06 01:15:02";Maipú
laborum;NULL;crawler;NULL;"Prestigiosa y sólida compañía busca Ayudantes de máquina con experiencia en línea de producción";"Grupo Sur Ltda";"Producción y Manufactura";"2020-09-23 00:00:00";"2020-11-06 01:30:03";"Santiago de Chile, Región Metropolitana, Chile"
neuvoo;NULL;crawler;NULL;"Se Buscan Fotógrafos de Retratos | Fotografía de Retrato";2x3.cl;"No clasificada";"2020-10-24 00:00:00";"2020-11-06 05:15:02";"Puerto Montt"
neuvoo;NULL;crawler;NULL;"Store Manager - La Serena";PedidosYa;"No clasificada";"2020-10-31 00:00:00";"2020-11-06 05:15:02";Chile
neuvoo;NULL;crawler;NULL;"Se Buscan Técnicos Informáticos | Servicio Recuperación de Datos";2x3.cl;"No clasificada";"2020-10-26 00:00:00";"2020-11-06 05:15:02";"Viña del Mar"
neuvoo;NULL;crawler;NULL;"Se Buscan Empresas de Juegos Inflables | Arriendo Juegos Inflables";2x3.cl;"No clasificada";"2020-10-25 00:00:00";"2020-11-06 05:15:02";"Puente Alto"
neuvoo;NULL;crawler;NULL;"Se Buscan Empresas de Cabina Fotográfica | Arriendo Cabina Fotográfica";2x3.cl;"No clasificada";"2020-10-26 00:00:00";"2020-11-06 05:15:02";"El Monte"
neuvoo;NULL;crawler;NULL;"Se Buscan Electricistas | Instalación de Interruptores/Enchufes";2x3.cl;"No clasificada";"2020-10-23 00:00:00";"2020-11-06 05:15:02";"San Javier"
neuvoo;NULL;crawler;NULL;"Se Buscan Paisajistas | Paisajismo";2x3.cl;"No clasificada";"2020-10-25 00:00:00";"2020-11-06 05:15:02";Colina
neuvoo;NULL;crawler;NULL;"Se Buscan Abogados Laborales | Abogado Laboral";2x3.cl;"No clasificada";"2020-10-23 00:00:00";"2020-11-06 05:15:02";"Las Condes"
neuvoo;NULL;crawler;NULL;"Se Buscan Limpiadores de Ventanas | Limpieza de Ventanas";2x3.cl;"No clasificada";"2020-10-24 00:00:00";"2020-11-06 05:15:02";Providencia
neuvoo;NULL;crawler;NULL;"Desk Side L2";"SSI Outsourcing";"No clasificada";"2020-10-26 00:00:00";"2020-11-06 05:15:02";Santiago
neuvoo;NULL;crawler;NULL;"Se Buscan Terapeutas Ocupacionales | Terapia Ocupacional";2x3.cl;"No clasificada";"2020-10-26 00:00:00";"2020-11-06 05:15:02";"La Florida"
neuvoo;NULL;crawler;NULL;"Se Buscan Sastres | Sastrería y Costura";2x3.cl;"No clasificada";"2020-10-25 00:00:00";"2020-11-06 05:15:02";"Las Condes"
neuvoo;NULL;crawler;NULL;"Se Buscan Estilistas para Eventos | Estilista para Evento";2x3.cl;"No clasificada";"2020-10-25 00:00:00";"2020-11-06 05:15:02";"Puente Alto"
neuvoo;NULL;crawler;NULL;"Se Buscan Magos | Mago";2x3.cl;"No clasificada";"2020-10-26 00:00:00";"2020-11-06 05:15:02";Santiago
neuvoo;NULL;crawler;NULL;"Se Buscan Limpiadores de Alfombras | Limpieza de Alfombras";2x3.cl;"No clasificada";"2020-10-25 00:00:00";"2020-11-06 05:15:02";"La Florida"
neuvoo;NULL;crawler;NULL;"Se Buscan Ensambladores de Muebles | Armado de Muebles";2x3.cl;"No clasificada";"2020-10-26 00:00:00";"2020-11-06 05:15:02";Macul
neuvoo;NULL;crawler;NULL;"Se Buscan Corredores de Propiedades | Corredor de Propiedades";2x3.cl;"No clasificada";"2020-10-26 00:00:00";"2020-11-06 05:15:02";"La Pintana"
neuvoo;NULL;crawler;NULL;"Se Buscan Especialistas en Piscinas | Limpieza/Mantención de Piscina";2x3.cl;"No clasificada";"2020-10-26 00:00:00";"2020-11-06 05:15:02";Yumbel
neuvoo;NULL;crawler;NULL;"Se Buscan Gásfiters | Reparación de Inodoro";2x3.cl;"No clasificada";"2020-10-23 00:00:00";"2020-11-06 05:15:02";Arica
neuvoo;NULL;crawler;NULL;"Se Buscan Contratistas | Contratista Construcción";2x3.cl;"No clasificada";"2020-10-26 00:00:00";"2020-11-06 05:15:02";"La Serena"
neuvoo;NULL;crawler;NULL;"Se Buscan Profesores de Inglés | Clases de Inglés";2x3.cl;"No clasificada";"2020-10-23 00:00:00";"2020-11-06 05:15:02";Arica
neuvoo;NULL;crawler;NULL;"Se Buscan Instaladores de Pasto | Instalación de Pasto";2x3.cl;"No clasificada";"2020-10-23 00:00:00";"2020-11-06 05:15:02";Curacaví
neuvoo;NULL;crawler;NULL;"Se Buscan Food Trucks | Food Truck o Carrito de Comida";2x3.cl;"No clasificada";"2020-10-26 00:00:00";"2020-11-06 05:15:02";Concepcion
neuvoo;NULL;crawler;NULL;"Se Buscan Paisajistas | Paisajismo";2x3.cl;"No clasificada";"2020-10-25 00:00:00";"2020-11-06 09:15:02";Quilpué
neuvoo;NULL;crawler;NULL;"Se Buscan Podólogos | Podología";2x3.cl;"No clasificada";"2020-10-26 00:00:00";"2020-11-06 09:15:02";Maipú
neuvoo;NULL;crawler;NULL;"Se Buscan Servicios de Garzones | Garzones para Evento";2x3.cl;"No clasificada";"2020-10-25 00:00:00";"2020-11-06 09:15:02";"La Pintana"
linkedin;NULL;crawler;NULL;"Wealth Management/Fintech Advisor";"deVere Group";"Servicios financieros";"2020-10-29 00:00:00";"2020-11-06 13:15:03";"Santiago, Santiago Metropolitan, Chile"
neuvoo;NULL;crawler;NULL;"Se Buscan Profesores de Tenis | Clases de Tenis (para mi o mi grupo)";2x3.cl;"No clasificada";"2020-10-24 00:00:00";"2020-11-06 13:15:03";Santiago
neuvoo;NULL;crawler;NULL;"Haz entregas con la app de Cornershop en tu tiempo libre";Cornershop;"No clasificada";"2020-10-28 00:00:00";"2020-11-06 13:15:03";Peñalolén
neuvoo;NULL;crawler;NULL;"Se Buscan Sastres | Sastrería y Costura";2x3.cl;"No clasificada";"2020-10-25 00:00:00";"2020-11-06 13:15:03";"Villa Alemana"
neuvoo;NULL;crawler;NULL;"Trabajo Repartidor - Santiago - Licencia B";Cornershop;"No clasificada";"2020-10-28 00:00:00";"2020-11-06 13:15:03";Peñalolén
neuvoo;NULL;crawler;NULL;"Socio Repartidor Cornershop";Cornershop;"No clasificada";"2020-10-28 00:00:00";"2020-11-06 13:15:03";"Lo Barnechea"
neuvoo;NULL;crawler;NULL;"Se Buscan Electricistas | Instalación de Iluminación";2x3.cl;"No clasificada";"2020-10-24 00:00:00";"2020-11-06 13:15:03";Pudahuel
neuvoo;NULL;crawler;NULL;"Repartidor Cornershop";Cornershop;"No clasificada";"2020-10-28 00:00:00";"2020-11-06 13:15:03";"San Joaquín"
neuvoo;NULL;crawler;NULL;"Se Buscan Gásfiters | Reparación de Tubería";2x3.cl;"No clasificada";"2020-10-24 00:00:00";"2020-11-06 13:15:03";Talca
neuvoo;NULL;crawler;NULL;"¿Quieres generar ganancias adicionales? Haz entregas con la app de Cornershop";Cornershop;"No clasificada";"2020-10-28 00:00:00";"2020-11-06 13:15:03";"Quinta Normal"
neuvoo;NULL;crawler;NULL;"JEFE DE EXPERIENCIA CLIENTES HOMECENTER OVALLE";Sodimac;"No clasificada";"2020-10-31 00:00:00";"2020-11-06 13:15:03";"Coquimbo Limarí, Chile"
neuvoo;NULL;crawler;NULL;"Entregas De Supermercado";Cornershop;"No clasificada";"2020-10-28 00:00:00";"2020-11-06 13:15:03";"San Miguel"
neuvoo;NULL;crawler;NULL;"Se Buscan Abogados de Defensa Penal | Abogado de Defensa Penal";2x3.cl;"No clasificada";"2020-10-26 00:00:00";"2020-11-06 17:15:02";"Puente Alto"
neuvoo;NULL;crawler;NULL;"Se Buscan Paseadores de Perros | Paseo de Perro";2x3.cl;"No clasificada";"2020-10-26 00:00:00";"2020-11-06 17:15:02";Peñalolén
neuvoo;NULL;crawler;NULL;"Desarrollador Web/UX";"Grupo Solunegocios";"No clasificada";"2020-10-26 00:00:00";"2020-11-06 17:15:02";Santiago
neuvoo;NULL;crawler;NULL;"Se Buscan Maestros Ceramistas | Instalación/Reemplazo de Cerámica";2x3.cl;"No clasificada";"2020-10-26 00:00:00";"2020-11-06 17:15:02";Curico
neuvoo;NULL;crawler;NULL;"Socio Repartidor - Flexibilidad de tiempo, ganancias semanales";Cornershop;"No clasificada";"2020-10-28 00:00:00";"2020-11-06 17:15:02";Conchalí
neuvoo;NULL;crawler;NULL;"Trabajo Repartidor - Santiago - Licencia B";Cornershop;"No clasificada";"2020-10-28 00:00:00";"2020-11-06 17:15:02";"Quinta Normal"
neuvoo;NULL;crawler;NULL;Shopper;Cornershop;"No clasificada";"2020-10-28 00:00:00";"2020-11-06 17:15:02";Lampa
neuvoo;NULL;crawler;NULL;"Dimensionadores  Quinta Vergara";Sodimac;"No clasificada";"2020-10-26 00:00:00";"2020-11-06 17:15:02";Valparaíso
neuvoo;NULL;crawler;NULL;"MAESTRO DE MANTENCION - OMIL ESTACIÓN CENTRAL";"OMIL Municipalidad de Estación Central";"No clasificada";"2020-10-15 00:00:00";"2020-11-06 21:15:02";"Pedro Aguirre Cerda"
neuvoo;NULL;crawler;NULL;"(BEA-443) Jefe(a) de Biblioteca, Jornada Completa, UST Ejército.";"UNIVERSIDAD SANTO TOMAS";"No clasificada";"2020-10-24 00:00:00";"2020-11-06 21:15:02";"Estación Central"
neuvoo;NULL;crawler;NULL;"Finance Business Partner | [M-399]";"Seguros SURA Chile S.A";"No clasificada";"2020-10-24 00:00:00";"2020-11-06 21:15:02";"Estación Central"
neuvoo;NULL;crawler;NULL;"Trabajo Técnico Universitario Nivel Superior En Electricidad - GCS99";"Everis Centers";"No clasificada";"2020-10-24 00:00:00";"2020-11-06 21:15:02";Valparaíso
neuvoo;NULL;crawler;NULL;"Trabajo Maestro De Sushi | (TX992)";"Transportes Deyfe";"No clasificada";"2020-10-24 00:00:00";"2020-11-06 21:15:02";"Estación Central"
neuvoo;NULL;crawler;NULL;"Analista CRM | [H-554]";"Seguros SURA Chile S.A";"No clasificada";"2020-10-24 00:00:00";"2020-11-06 21:15:02";"Estación Central"
neuvoo;NULL;crawler;NULL;"TAN210 - Diseñador Industrial";"Amobla s.p.a";"No clasificada";"2020-10-23 00:00:00";"2020-11-06 21:15:02";Buin
neuvoo;NULL;crawler;NULL;"Trabajo Se Busca Técnico Eléctrico Con Conocimiento En Corriente Débiles EQC130";"Claudia Flores Nova";"No clasificada";"2020-10-24 00:00:00";"2020-11-06 21:15:02";"Estación Central"
neuvoo;NULL;crawler;NULL;"Socio Repartidor - Flexibilidad de tiempo, ganancias semanales";Cornershop;"No clasificada";"2020-10-28 00:00:00";"2020-11-06 21:15:02";"Quinta Normal"
neuvoo;NULL;crawler;NULL;"T87 - 6515 – PMO";"HELPNET INGENIERIA Y SERVICIOS DE RECURSOS HUMANOS S.A";"No clasificada";"2020-10-20 00:00:00";"2020-11-06 21:15:02";"Estación Central"
neuvoo;NULL;crawler;NULL;"Trabajo Arquitecto Cloud Aws Azure. 10 Años De Experiencia. Indefinido - Y260";"Serfocol S.A.";"No clasificada";"2020-10-24 00:00:00";"2020-11-06 21:15:02";"Estación Central"
neuvoo;NULL;crawler;NULL;"LP603 Trabajo Manicurista Depiladora";"Serfocol S.A.";"No clasificada";"2020-10-24 00:00:00";"2020-11-06 21:15:02";"Estación Central"
neuvoo;NULL;crawler;NULL;"MAESTRO DE SUSHI o SUSHERO TURNO FIJO+SUELDO BASE Y BONOS - (WYT81)";"Niu Sushi";"No clasificada";"2020-10-25 00:00:00";"2020-11-06 21:15:02";Santiago
neuvoo;NULL;crawler;NULL;"Q474 | VENDEDOR QUINTA REGION";"MAX FACIL S.A.";"No clasificada";"2020-10-24 00:00:00";"2020-11-06 21:15:02";Valparaíso
neuvoo;NULL;crawler;NULL;"(CIZ139) - planchero part time";"un gustito providencia";"No clasificada";"2020-10-24 00:00:00";"2020-11-06 21:15:02";Santiago
neuvoo;NULL;crawler;NULL;"Técnico Veterinario | [Y462]";"Veterinaria Guau y miau";"No clasificada";"2020-10-24 00:00:00";"2020-11-06 21:15:02";Santiago
neuvoo;NULL;crawler;NULL;"Técnico Agricola (CYK-797)";"Vitux Ltda";"No clasificada";"2020-10-24 00:00:00";"2020-11-06 21:15:02";Santiago
neuvoo;NULL;crawler;NULL;"(OGP-946) - Vendedor En Terreno";Valbel;"No clasificada";"2020-10-31 00:00:00";"2020-11-06 21:30:04";"Estación Central"
neuvoo;NULL;crawler;NULL;"X0 Operarias de  Envasado para Cerrillos";"HELPNET INGENIERIA Y SERVICIOS DE RECURSOS HUMANOS S.A";"No clasificada";"2020-10-20 00:00:00";"2020-11-06 21:30:04";"Estación Central"
neuvoo;NULL;crawler;NULL;"Trabajo Mecanico 4G Los Andes Los Andes (BWX874)";"Transportes Deyfe";"No clasificada";"2020-10-31 00:00:00";"2020-11-06 21:30:04";"Los Andes"
neuvoo;NULL;crawler;NULL;"[I57] Trabajo Encargado De Tesorería Senior - Vitacura";"Claudia Flores Nova";"No clasificada";"2020-10-24 00:00:00";"2020-11-06 21:30:04";"Estación Central"
neuvoo;NULL;crawler;NULL;"Se Buscan Maestros | Maestro - [Z-35]";"Empresa líder";"No clasificada";"2020-10-20 00:00:00";"2020-11-06 21:30:04";Puchuncaví
neuvoo;NULL;crawler;NULL;"Trabajo Operari@S De Bodega- Hombres Y Mujeres Turno Tarde - EI-363";"Coanil Ceibos";"No clasificada";"2020-10-24 00:00:00";"2020-11-06 21:30:04";"Estación Central"
neuvoo;NULL;crawler;NULL;"Bodeguero/a Full Time Preunic Metro Tobalaba [SX602]";"Empresas SB";"No clasificada";"2020-10-24 00:00:00";"2020-11-06 21:30:04";"Estación Central"
neuvoo;NULL;crawler;NULL;"MAESTRO DE SUSHI o SUSHERO TURNO AM o PM/ ingreso inmediato - [Y-569]";"Niu Sushi";"No clasificada";"2020-10-27 00:00:00";"2020-11-06 21:30:04";"Estación Central"
neuvoo;NULL;crawler;NULL;"Operador de Caldera industrial - QWH-002";"Empresa líder";"No clasificada";"2020-10-22 00:00:00";"2020-11-06 21:30:04";Calama
neuvoo;NULL;crawler;NULL;"Trabajo Manipulador De Alimentos / Comuna De Colina [MM400]";"Coanil Ceibos";"No clasificada";"2020-10-24 00:00:00";"2020-11-06 21:30:04";"Estación Central"
neuvoo;NULL;crawler;NULL;"Administrativos La Reina RM | (WL182)";ECRGROUP;"No clasificada";"2020-10-24 00:00:00";"2020-11-06 21:30:04";"Estación Central"
neuvoo;NULL;crawler;NULL;"Técnico Agricola - (RY-16)";"Vitux Ltda";"No clasificada";"2020-10-24 00:00:00";"2020-11-06 21:30:04";Santiago
neuvoo;NULL;crawler;NULL;"[M-487] | Contador Auditor";"ika ltda";"No clasificada";"2020-10-24 00:00:00";"2020-11-06 21:30:04";"Estación Central"
neuvoo;NULL;crawler;NULL;"RQ402 | Operario De Maquinaria (Termolaminado) - Gq81";"Pro Choice";"No clasificada";"2020-10-25 00:00:00";"2020-11-06 21:30:04";"Estación Central"
neuvoo;NULL;crawler;NULL;"V427 | Vendedor en Terreno";Valbel;"No clasificada";"2020-10-24 00:00:00";"2020-11-06 21:30:04";Santiago
neuvoo;NULL;crawler;NULL;"[S-095] | Administrativo logístico - Pudahuel";"Pro Choice";"No clasificada";"2020-10-29 00:00:00";"2020-11-06 21:30:04";"Estación Central"
neuvoo;NULL;crawler;NULL;"[QGW-85] - VENDEDOR QUINTA REGION";"MAX FACIL S.A.";"No clasificada";"2020-10-25 00:00:00";"2020-11-06 21:30:04";Valparaíso
neuvoo;NULL;crawler;NULL;"[BXS-449] - Bodeguero/a Full Time Preunic Mall Independencia";"Empresas SB";"No clasificada";"2020-10-24 00:00:00";"2020-11-06 21:30:04";"Estación Central"
neuvoo;NULL;crawler;NULL;"NI458 - MAESTRO DE MANTENCION - OMIL ESTACIÓN CENTRAL";"OMIL Municipalidad de Estación Central";"No clasificada";"2020-10-20 00:00:00";"2020-11-06 21:30:04";"Pedro Aguirre Cerda"
neuvoo;NULL;crawler;NULL;"PT226 | Ejecutivo Venta en  Terreno Comunas de la Region Metropolitana";ECRGROUP;"No clasificada";"2020-10-20 00:00:00";"2020-11-06 21:30:04";"Estación Central"
neuvoo;NULL;crawler;NULL;"Se Buscan Especialistas en Puertas | Instalación de Puerta";2x3.cl;"No clasificada";"2020-10-25 00:00:00";"2020-11-06 21:30:04";"Las Condes"
neuvoo;NULL;crawler;NULL;"Alumno en Práctica Marketing o similar - Diciembre 2020";"ECOLAB S.A";"No clasificada";"2020-10-30 00:00:00";"2020-11-06 21:30:04";Ñuñoa
neuvoo;NULL;crawler;NULL;"Diseñador Industrial - [R395]";"Amobla s.p.a";"No clasificada";"2020-10-24 00:00:00";"2020-11-06 21:30:04";Santiago
neuvoo;NULL;crawler;NULL;"TÉCNICO PARA OPERACIÓN Y ABASTECIMIENTO DE MÁQUINAS EXPENDEDORAS( VIÑA DEL MAR) | (NCG-122)";"MB Consultora";"No clasificada";"2020-10-20 00:00:00";"2020-11-06 21:30:04";Valparaíso
neuvoo;NULL;crawler;NULL;"[UJ324] | Coordinador(a) Proyecto UST 19102, Plazo Fijo, Casa Central";"UNIVERSIDAD SANTO TOMAS";"No clasificada";"2020-10-24 00:00:00";"2020-11-06 21:30:04";"Estación Central"
neuvoo;NULL;crawler;NULL;"[WX423] Trabajo Administrativo De Remuneraciones";"Everis Centers";"No clasificada";"2020-10-24 00:00:00";"2020-11-06 21:30:04";Antofagasta
neuvoo;NULL;crawler;NULL;"[X-712] - Analista Técnico Senior";"Vida Cámara";"No clasificada";"2020-10-27 00:00:00";"2020-11-07 01:15:02";"Las Condes"
neuvoo;NULL;crawler;NULL;"Trabajo Repartidor - Santiago - Licencia B";Cornershop;"No clasificada";"2020-10-28 00:00:00";"2020-11-07 01:15:02";"San Bernardo"
neuvoo;NULL;crawler;NULL;"[U009] Ejecutiva De Ventas Inmobiliaria Antofagasta";"Echeverria Izquierdo";"No clasificada";"2020-10-27 00:00:00";"2020-11-07 01:15:02";Antofagasta
neuvoo;NULL;crawler;NULL;"Asistente de Capacitación - San Antonio | DOY300";"OTIC - CChC";"No clasificada";"2020-10-20 00:00:00";"2020-11-07 01:15:02";"San Antonio"
neuvoo;NULL;crawler;NULL;"(HWI-260) - Vendedor en terreno con movilización Propia / Rancagua";"verisure chile spa";"No clasificada";"2020-10-27 00:00:00";"2020-11-07 01:15:02";Rancagua
neuvoo;NULL;crawler;NULL;"UC-72 | Operarios de bodega";"TIME JOBS";"No clasificada";"2020-10-20 00:00:00";"2020-11-07 01:15:02";"San Antonio"
neuvoo;NULL;crawler;NULL;"Carreros Las Condes  Part time 20 horas";SERVIP;"No clasificada";"2020-10-26 00:00:00";"2020-11-07 01:15:02";"Las Condes"
neuvoo;NULL;crawler;NULL;"Guardias-Conserjes de Seguridad - [RV-237]";"Perry Servicios de Seguridad Spa";"No clasificada";"2020-10-20 00:00:00";"2020-11-07 01:15:02";"Estación Central"
neuvoo;NULL;crawler;NULL;"Operador Autoclave - [PZB580]";ECM;"No clasificada";"2020-10-24 00:00:00";"2020-11-07 01:15:02";"Estación Central"
neuvoo;NULL;crawler;NULL;"[FQ-234] | Desarrollador Angular";"Consultora Tecnológica Aligare Ltda.";"No clasificada";"2020-10-26 00:00:00";"2020-11-07 01:15:02";"Estación Central"
neuvoo;NULL;crawler;NULL;"P-817 Asesor De Marca Traje Baño - - [S-544]";"Falabella Retail S.A.";"No clasificada";"2020-10-25 00:00:00";"2020-11-07 01:15:02";"Estación Central"
neuvoo;NULL;crawler;NULL;"(SU438) - Chofer-Repartidor Comuna Lo Espejo";Tiendapet.cl;"No clasificada";"2020-10-20 00:00:00";"2020-11-07 01:15:02";"Lo Espejo"
neuvoo;NULL;crawler;NULL;"Soldador Calificado - Nbm48 - (F-965)";Hidrotecnica;"No clasificada";"2020-10-26 00:00:00";"2020-11-07 01:15:02";"Estación Central"
neuvoo;NULL;crawler;NULL;"(UZ-992) | MENSAJEROS(AS) Y REPARTIDORES(AS)";chilepost;"No clasificada";"2020-10-20 00:00:00";"2020-11-07 01:15:02";"Estación Central"
neuvoo;NULL;crawler;NULL;"[G972] Ingeniero/A Civil Electricista Santiago";"Coordinador Electrico Nacional";"No clasificada";"2020-10-20 00:00:00";"2020-11-07 01:15:02";"Estación Central"
neuvoo;NULL;crawler;NULL;"ASESORÍAS INDEPENDIENTES | (I487)";Aqua;"No clasificada";"2020-10-24 00:00:00";"2020-11-07 01:15:02";"Puerto Montt"
neuvoo;NULL;crawler;NULL;"[FVP206] - Asesor Científico Rapid Diagnostic - Antofagasta Dx341";Abbott;"No clasificada";"2020-10-25 00:00:00";"2020-11-07 01:15:02";"Estación Central"
neuvoo;NULL;crawler;NULL;"Haz entregas con la app de Cornershop en tu tiempo libre";Cornershop;"No clasificada";"2020-10-28 00:00:00";"2020-11-07 05:15:03";Santiago
neuvoo;NULL;crawler;NULL;"Se Buscan Podólogos | Podología";2x3.cl;"No clasificada";"2020-10-27 00:00:00";"2020-11-07 05:15:03";Valparaiso
neuvoo;NULL;crawler;NULL;"VENDEDOR AUTOMOTRIZ TRAINEE";Salfa;"No clasificada";"2020-10-27 00:00:00";"2020-11-07 05:15:03";Antofagasta
neuvoo;NULL;crawler;NULL;"Repartidor Cornershop";Cornershop;"No clasificada";"2020-10-28 00:00:00";"2020-11-07 05:15:03";Independencia
neuvoo;NULL;crawler;NULL;"Se Buscan Animadores | Animación de Evento";2x3.cl;"No clasificada";"2020-10-27 00:00:00";"2020-11-07 05:15:03";"Yerbas Buenas"
neuvoo;NULL;crawler;NULL;"Se Buscan Especialistas Marketing | Marketing Redes Sociales";2x3.cl;"No clasificada";"2020-10-25 00:00:00";"2020-11-07 05:15:03";Santiago
neuvoo;NULL;crawler;NULL;Comprador;Cornershop;"No clasificada";"2020-10-28 00:00:00";"2020-11-07 05:15:03";Quilicura
neuvoo;NULL;crawler;NULL;"Se Buscan Electricistas | Instalación de Interruptores/Enchufes";2x3.cl;"No clasificada";"2020-10-24 00:00:00";"2020-11-07 05:15:03";Maipú
neuvoo;NULL;crawler;NULL;Shopper;Cornershop;"No clasificada";"2020-10-28 00:00:00";"2020-11-07 09:15:02";"Quinta Normal"
neuvoo;NULL;crawler;NULL;"Ejecutivo Comercial La Serena";Consalud;"No clasificada";"2020-10-29 00:00:00";"2020-11-07 09:15:02";"La Serena"
neuvoo;NULL;crawler;NULL;"Director de Capacitación Región Metropolitana";Confidencial;"No clasificada";"2020-10-29 00:00:00";"2020-11-07 09:15:02";Santiago
neuvoo;NULL;crawler;NULL;"Se Buscan Curadores | Medicina Alternativa";2x3.cl;"No clasificada";"2020-10-25 00:00:00";"2020-11-07 13:15:02";"Padre Las Casas"
neuvoo;NULL;crawler;NULL;"¿Quieres generar ganancias adicionales? Haz entregas con la app de Cornershop";Cornershop;"No clasificada";"2020-10-28 00:00:00";"2020-11-07 13:15:02";"San Joaquín"
neuvoo;NULL;crawler;NULL;"- Operador Mantenedor Planta OR (Calama) - [EOZ360]";Helpnet;"No clasificada";"2020-10-20 00:00:00";"2020-11-07 13:15:02";Antofagasta
neuvoo;NULL;crawler;NULL;"Repartidor Cornershop";Cornershop;"No clasificada";"2020-10-28 00:00:00";"2020-11-07 13:15:02";"Quinta Normal"
neuvoo;NULL;crawler;NULL;"Diseñadora (Or) En Práctica - (KP90)";Minassian;"No clasificada";"2020-10-20 00:00:00";"2020-11-07 13:15:02";"Estación Central"
neuvoo;NULL;crawler;NULL;"Se Buscan Masajistas | Masaje | (OR-756)";2x3.cl;"No clasificada";"2020-10-28 00:00:00";"2020-11-07 13:15:02";Quillota
neuvoo;NULL;crawler;NULL;"Trabajo Técnico En Contabilidad OR-570";Xinerlink;"No clasificada";"2020-10-20 00:00:00";"2020-11-07 13:15:02";"Estación Central"
neuvoo;NULL;crawler;NULL;"Se Buscan Fotógrafos de Retratos | Fotografía de Retrato";2x3.cl;"No clasificada";"2020-10-25 00:00:00";"2020-11-07 13:15:02";Concón
neuvoo;NULL;crawler;NULL;"Entregas De Supermercado";Cornershop;"No clasificada";"2020-10-28 00:00:00";"2020-11-07 13:15:02";"Lo Barnechea"
neuvoo;NULL;crawler;NULL;"Crew operario McDonalds LA FLORIDA";McDonald's;"No clasificada";"2020-10-28 00:00:00";"2020-11-07 17:15:02";"La Florida"
neuvoo;NULL;crawler;NULL;"VENDEDOR/A JORNADA 30 HRS HC SODIMAC CALAMA";Sodimac;"No clasificada";"2020-09-24 00:00:00";"2020-11-07 17:15:02";Antofagasta
neuvoo;NULL;crawler;NULL;"Ingeniería de Preventa Grandes Empresas";Telefónica;"No clasificada";"2020-10-28 00:00:00";"2020-11-07 17:15:02";Providencia
neuvoo;NULL;crawler;NULL;"Práctica Profesional Psicologo/a   / Atracción de Talento / Lider Bci";"Lider Bci Servicios Financieros";"No clasificada";"2020-10-28 00:00:00";"2020-11-07 17:15:02";Huechuraba
neuvoo;NULL;crawler;NULL;"Se Buscan Productores de Videos | Producción de Video";2x3.cl;"No clasificada";"2020-10-25 00:00:00";"2020-11-07 21:15:02";Concepcion
neuvoo;NULL;crawler;NULL;"Se Buscan Profesores de Guitarra | Clases de Guitarra";2x3.cl;"No clasificada";"2020-10-25 00:00:00";"2020-11-07 21:15:02";"El Bosque"
neuvoo;NULL;crawler;NULL;"Superintendente de Minería";Confidencial;"No clasificada";"2020-10-28 00:00:00";"2020-11-07 21:15:02";Copiapó
neuvoo;NULL;crawler;NULL;"Se Buscan Editores de Video | Edición de Video";2x3.cl;"No clasificada";"2020-10-25 00:00:00";"2020-11-07 21:15:02";"La Serena"
neuvoo;NULL;crawler;NULL;"Se Buscan Diseñadores de Interiores | Diseño de Interior";2x3.cl;"No clasificada";"2020-10-25 00:00:00";"2020-11-07 21:15:02";Ñuñoa
neuvoo;NULL;crawler;NULL;"Se Buscan Jardineros | Corte de Pasto";2x3.cl;"No clasificada";"2020-10-25 00:00:00";"2020-11-07 21:15:02";"Puente Alto"
neuvoo;NULL;crawler;NULL;"Líder de Proyecto Grandes Cuentas";Telefónica;"No clasificada";"2020-10-28 00:00:00";"2020-11-07 21:15:02";Providencia
neuvoo;NULL;crawler;NULL;"Operario Eléctrico de Mantención McDonalds Mall Centro Concepción";McDonald's;"No clasificada";"2020-10-29 00:00:00";"2020-11-07 21:15:02";Concepción
neuvoo;NULL;crawler;NULL;"Banco Falabella Busca Vigilante Privado La Serena";"Banco Falabella";"No clasificada";"2020-10-28 00:00:00";"2020-11-08 01:15:02";"La Serena"
neuvoo;NULL;crawler;NULL;"Se Buscan Centros de Eventos | Arriendo de Centro de Eventos";2x3.cl;"No clasificada";"2020-10-28 00:00:00";"2020-11-08 05:15:02";Santiago
neuvoo;NULL;crawler;NULL;"Se Buscan Gásfiters | Instalación/Reemplazo de Tubería";2x3.cl;"No clasificada";"2020-10-25 00:00:00";"2020-11-08 05:15:02";Providencia
neuvoo;NULL;crawler;NULL;"Se Buscan Instaladores de Pasto | Instalación de Pasto";2x3.cl;"No clasificada";"2020-10-26 00:00:00";"2020-11-08 05:15:02";"Puente Alto"
neuvoo;NULL;crawler;NULL;"Se Buscan Podadores de árboles | Poda/Tala de Árboles";2x3.cl;"No clasificada";"2020-10-29 00:00:00";"2020-11-08 05:15:02";Machalí
neuvoo;NULL;crawler;NULL;"Se Buscan Maquilladores | Maquillaje para Evento";2x3.cl;"No clasificada";"2020-10-30 00:00:00";"2020-11-08 05:15:02";Santiago
neuvoo;NULL;crawler;NULL;"Se Buscan Operadores de Drones | Servicio de Drones";2x3.cl;"No clasificada";"2020-10-28 00:00:00";"2020-11-08 05:15:02";Coihueco
neuvoo;NULL;crawler;NULL;"Se Buscan Electricistas | Instalación de Iluminación";2x3.cl;"No clasificada";"2020-10-26 00:00:00";"2020-11-08 05:15:02";Quilicura
neuvoo;NULL;crawler;NULL;"TPM Chief";Grünenthal;"No clasificada";"2020-10-30 00:00:00";"2020-11-08 05:15:02";Santiago
neuvoo;NULL;crawler;NULL;"Se Buscan Editores de Video | Edición de Video";2x3.cl;"No clasificada";"2020-10-27 00:00:00";"2020-11-08 05:15:02";Santiago
neuvoo;NULL;crawler;NULL;"Se Buscan Tasadores de Propiedades | Tasación de Propiedad";2x3.cl;"No clasificada";"2020-10-29 00:00:00";"2020-11-08 05:15:02";Cerrillos
neuvoo;NULL;crawler;NULL;"Se Buscan Jardineros | Corte de Pasto";2x3.cl;"No clasificada";"2020-10-26 00:00:00";"2020-11-08 05:15:02";Renca
neuvoo;NULL;crawler;NULL;"Se Buscan Parrilleros | Servicio de Asado";2x3.cl;"No clasificada";"2020-10-30 00:00:00";"2020-11-08 05:15:02";Santiago
neuvoo;NULL;crawler;NULL;"Eléctricos Mantenedores/as de Equipo Pesado, Faenas Mineras";Liebherr;"No clasificada";"2020-10-29 00:00:00";"2020-11-08 05:15:02";Calama
neuvoo;NULL;crawler;NULL;"Se Buscan Empresas de Juegos Inflables | Arriendo Juegos Inflables";2x3.cl;"No clasificada";"2020-10-25 00:00:00";"2020-11-08 05:15:02";Talca
neuvoo;NULL;crawler;NULL;"Se Buscan Diseñadores de Interiores | Diseño de Interior";2x3.cl;"No clasificada";"2020-10-26 00:00:00";"2020-11-08 05:15:02";Ñuñoa
neuvoo;NULL;crawler;NULL;"Se Buscan Productoras de Eventos | Productora de Eventos";2x3.cl;"No clasificada";"2020-10-26 00:00:00";"2020-11-08 09:15:02";Melipilla
neuvoo;NULL;crawler;NULL;"Se busca niñera en Viña del Mar - Trabajo de niñera en Viña del Mar";Babysits;"No clasificada";"2020-10-22 00:00:00";"2020-11-08 09:15:02";"Viña del Mar"
neuvoo;NULL;crawler;NULL;"[W642] Jefe de Producto Masivo e Individuales";"Vida Cámara";"No clasificada";"2020-10-20 00:00:00";"2020-11-08 13:15:02";"Las Condes"
neuvoo;NULL;crawler;NULL;"Experto en Prevención de Riesgos Sernageomin B  para Rancagua";Enaex;"No clasificada";"2020-10-28 00:00:00";"2020-11-08 13:15:02";Rancagua
neuvoo;NULL;crawler;NULL;"COLLOKY BUSCA VENDEDOR COLLOKY IRRARAZAVAL";Colgram;"No clasificada";"2020-10-28 00:00:00";"2020-11-08 13:15:02";Ñuñoa
neuvoo;NULL;crawler;NULL;"Motoristas Licencia Clase C | C796";chilepost;"No clasificada";"2020-10-20 00:00:00";"2020-11-08 13:15:02";"Estación Central"
neuvoo;NULL;crawler;NULL;"Conductor Courier, Arica";"Blue Express";"No clasificada";"2020-10-28 00:00:00";"2020-11-08 13:15:03";Arica
neuvoo;NULL;crawler;NULL;"Supervisor de Producción para planta Nos";Carozzi;"No clasificada";"2020-10-28 00:00:00";"2020-11-08 13:15:03";"Lo Espejo"
neuvoo;NULL;crawler;NULL;"(E17) | Práctica Profesional Prevención de Riesgos Santiago";"Echeverria Izquierdo";"No clasificada";"2020-10-25 00:00:00";"2020-11-08 13:15:03";"Estación Central"
neuvoo;NULL;crawler;NULL;"M-725 Analista de Soporte para Integración";"Consultora Tecnológica Aligare Ltda.";"No clasificada";"2020-10-20 00:00:00";"2020-11-08 13:15:03";Huechuraba
neuvoo;NULL;crawler;NULL;"[N767] - Cajeros(as) Tesorería para Banco";SERVIP;"No clasificada";"2020-10-20 00:00:00";"2020-11-08 13:15:03";Santiago
neuvoo;NULL;crawler;NULL;"Chofer-Repartidor Comuna Lo Espejo | [QW095]";Tiendapet.cl;"No clasificada";"2020-10-20 00:00:00";"2020-11-08 13:15:03";"Lo Espejo"
neuvoo;NULL;crawler;NULL;"Operario Multifuncional McDonalds Metro Las Mercedes Puente Alto";McDonald's;"No clasificada";"2020-10-28 00:00:00";"2020-11-08 13:15:03";"Puente Alto"
neuvoo;NULL;crawler;NULL;"Se Buscan Limpiadores de Ventanas | Limpieza de Ventanas";2x3.cl;"No clasificada";"2020-10-26 00:00:00";"2020-11-08 13:15:03";Quilpué
neuvoo;NULL;crawler;NULL;"YI653 (E515) - Se Busca Empleo";Aqua;"No clasificada";"2020-10-26 00:00:00";"2020-11-08 13:15:03";Dalcahue
neuvoo;NULL;crawler;NULL;"RN349 - Guardias Conserjes de Seguridad";"Perry Servicios de Seguridad Spa";"No clasificada";"2020-10-31 00:00:00";"2020-11-08 13:15:03";Santiago
neuvoo;NULL;crawler;NULL;"Operarios Multifuncional McDonalds MALL PLAZA TOBALABA  PART TIME";McDonald's;"No clasificada";"2020-10-28 00:00:00";"2020-11-08 13:15:03";"Puente Alto"
neuvoo;NULL;crawler;NULL;"Asesor(a) de Marca Full Time - El trebol - (OKY-05)";"Falabella Retail S.A.";"No clasificada";"2020-10-20 00:00:00";"2020-11-08 13:15:03";Concepción
neuvoo;NULL;crawler;NULL;"Tecnico Paramedico [SYZ092]";ECM;"No clasificada";"2020-10-24 00:00:00";"2020-11-08 13:15:03";Providencia
neuvoo;NULL;crawler;NULL;"Paid Social Media Manager";ADSIFY;"No clasificada";"2020-10-28 00:00:00";"2020-11-08 13:15:03";"Las Condes"
neuvoo;NULL;crawler;NULL;"Operarios Restaurantes Mcdonalds LA REINA";McDonald's;"No clasificada";"2020-10-28 00:00:00";"2020-11-08 13:15:03";"La Reina"
neuvoo;NULL;crawler;NULL;"Entregas De Supermercado";Cornershop;"No clasificada";"2020-10-28 00:00:00";"2020-11-08 13:15:03";Renca
neuvoo;NULL;crawler;NULL;"Ingeniero/A Civil Electricista Santiago - CJH-32";"Coordinador Electrico Nacional";"No clasificada";"2020-10-20 00:00:00";"2020-11-08 13:15:03";"Estación Central"
neuvoo;NULL;crawler;NULL;"Tottus Chile requiere Reponedores/as Nocturnos para su tienda en Talagante, Jornada Full";"Tottus Talagante Plaza";"No clasificada";"2020-10-28 00:00:00";"2020-11-08 13:15:03";"Estación Central"
neuvoo;NULL;crawler;NULL;"Se Buscan Profesores de Inglés | Clases de Inglés";2x3.cl;"No clasificada";"2020-10-26 00:00:00";"2020-11-08 17:15:02";"Lo Barnechea"
neuvoo;NULL;crawler;NULL;"Se Buscan Gásfiters | Instalación/Reemplazo de Inodoro";2x3.cl;"No clasificada";"2020-10-26 00:00:00";"2020-11-08 17:15:02";"Puente Alto"
neuvoo;NULL;crawler;NULL;"Se Buscan Especialistas en seguridad | Instalación de Alarma/Seguridad";2x3.cl;"No clasificada";"2020-10-26 00:00:00";"2020-11-08 17:15:03";Concepcion
neuvoo;NULL;crawler;NULL;"Se Buscan Servicios de Garzones | Garzones para Evento";2x3.cl;"No clasificada";"2020-10-28 00:00:00";"2020-11-09 01:15:02";Maipú
neuvoo;NULL;crawler;NULL;"Se Buscan Ensambladores de Muebles | Armado de Muebles";2x3.cl;"No clasificada";"2020-10-26 00:00:00";"2020-11-09 01:15:02";Macul
neuvoo;NULL;crawler;NULL;"Se Buscan Abogados de Divorcio | Abogado de Divorcio";2x3.cl;"No clasificada";"2020-10-26 00:00:00";"2020-11-09 01:15:02";"La Florida"
neuvoo;NULL;crawler;NULL;"Operario Multifuncional McDonalds Mall Plaza Sur";McDonald's;"No clasificada";"2020-10-29 00:00:00";"2020-11-09 01:15:02";"Lo Espejo"
neuvoo;NULL;crawler;NULL;"CAJERO/A JORNADA 20 HRS HC SODIMAC LA PORTADA ANTOFAGASTA";Sodimac;"No clasificada";"2020-10-28 00:00:00";"2020-11-09 05:15:02";Antofagasta
neuvoo;NULL;crawler;NULL;"Branch Office Administrator";"Edward Jones";"No clasificada";"2020-10-27 00:00:00";"2020-11-09 05:15:02";Valparaiso
neuvoo;NULL;crawler;NULL;"Operador Logístico Bodega";Salfa;"No clasificada";"2020-10-28 00:00:00";"2020-11-09 05:15:02";Santiago
neuvoo;NULL;crawler;NULL;"OPERATIVO RECEPCIÓN Y REPOSICIÓN JORNADA 20 HRS HC SODIMAC LA PORTADA ANTOFAGASTA";Sodimac;"No clasificada";"2020-10-28 00:00:00";"2020-11-09 05:15:02";Antofagasta
neuvoo;NULL;crawler;NULL;"Se Buscan Corredores de Propiedades | Corredor de Propiedades";2x3.cl;"No clasificada";"2020-10-26 00:00:00";"2020-11-09 05:15:02";"La Pintana"
neuvoo;NULL;crawler;NULL;"Tecnico de mantención postmix";"Cocacola Andina";"No clasificada";"2020-10-28 00:00:00";"2020-11-09 05:15:02";Santiago
neuvoo;NULL;crawler;NULL;Operador;Tevapharm;"No clasificada";"2020-10-27 00:00:00";"2020-11-09 05:15:02";Santiago
neuvoo;NULL;crawler;NULL;"Se Buscan Técnicos Aire Acondicionado | Reparación y Mantención de Aire Acondicionado";2x3.cl;"No clasificada";"2020-10-26 00:00:00";"2020-11-09 05:15:02";"Las Condes"
neuvoo;NULL;crawler;NULL;"Se Buscan Productores de Videos | Producción de Video";2x3.cl;"No clasificada";"2020-10-27 00:00:00";"2020-11-09 05:15:02";"Viña del Mar"
neuvoo;NULL;crawler;NULL;"Principal Sales Consultant";Oracle;"No clasificada";"2020-10-27 00:00:00";"2020-11-09 05:15:02";"Las Condes"
neuvoo;NULL;crawler;NULL;"Alumno en Práctica Ing. Comercio Exterior, Las Condes, Santiago.";Liebherr;"No clasificada";"2020-10-28 00:00:00";"2020-11-09 05:15:02";Santiago
neuvoo;NULL;crawler;NULL;Conserje;"Armada de Chile";"No clasificada";"2020-10-28 00:00:00";"2020-11-09 05:15:02";Valparaíso
neuvoo;NULL;crawler;NULL;"VICEPRESIDENTE DE PERSONAS, HSEC Y ASUNTOS CORPORATIVOS";"Hp Group Seleccion";"No clasificada";"2020-10-28 00:00:00";"2020-11-09 05:15:02";Santiago
neuvoo;NULL;crawler;NULL;"Se Buscan Gásfiters | Reparación de Desagüe";2x3.cl;"No clasificada";"2020-10-26 00:00:00";"2020-11-09 09:15:02";"La Florida"
neuvoo;NULL;crawler;NULL;"Se Buscan Fotógrafos de Retratos | Fotografía de Retrato";2x3.cl;"No clasificada";"2020-10-26 00:00:00";"2020-11-09 09:15:02";"Las Condes"
neuvoo;NULL;crawler;NULL;"Cajero/a Part Time";XinerLink;"No clasificada";"2020-10-07 00:00:00";"2020-11-09 13:15:02";Santiago
neuvoo;NULL;crawler;NULL;"Call Center Ejecutivo Atencion Al Cliente. [BA-99]";"Grupo Konecta";"No clasificada";"2020-10-20 00:00:00";"2020-11-09 13:15:02";Macul
neuvoo;NULL;crawler;NULL;"Desarrolladores .Net, C# [WBF744]";Abenis;"No clasificada";"2020-10-23 00:00:00";"2020-11-09 13:15:02";"Estación Central"
neuvoo;NULL;crawler;NULL;"Tele trabajo Supervisor de Call center experiencia en plataformas de seguros | DQ422";Soex;"No clasificada";"2020-10-20 00:00:00";"2020-11-09 13:15:02";Santiago
neuvoo;NULL;crawler;NULL;"808881 Jefe Trainee Venta Terreno | [F-874]";Verisure;"No clasificada";"2020-10-26 00:00:00";"2020-11-09 13:15:02";"Las Condes"
neuvoo;NULL;crawler;NULL;"Anfitrión Recepcionista Full Time AM para Energy Mall Plaza Tobalaba";"ENERGY FITNESS CLUBS S.P.A.";"No clasificada";"2020-10-28 00:00:00";"2020-11-09 13:15:02";Santiago
neuvoo;NULL;crawler;NULL;"Ejecutivo Atencion Al Cliente Concepcion. | [D889]";Cygnus;"No clasificada";"2020-10-20 00:00:00";"2020-11-09 13:15:02";Concepción
neuvoo;NULL;crawler;NULL;"(W-59) - Operario De Bodega Planta Quilicura";"Papa John's Pizza";"No clasificada";"2020-10-23 00:00:00";"2020-11-09 13:15:02";"Estación Central"
neuvoo;NULL;crawler;NULL;"Se Buscan Cuidadores de Mascota | Cuidado de Mascota - [C378]";2x3.cl;"No clasificada";"2020-10-26 00:00:00";"2020-11-09 13:15:02";"Estación Central"
neuvoo;NULL;crawler;NULL;"RP39 | Electromecanico";Aqua;"No clasificada";"2020-10-26 00:00:00";"2020-11-09 13:15:02";"Puerto Montt"
neuvoo;NULL;crawler;NULL;"Auxiliar de Aseo Quilpe | (WP516)";Cosmos;"No clasificada";"2020-10-23 00:00:00";"2020-11-09 13:15:02";Quilpué
neuvoo;NULL;crawler;NULL;"DIEÑADORA/OR (DAO288)";"IMPRECOD LABELS E.I.R.L.";"No clasificada";"2020-10-28 00:00:00";"2020-11-09 13:15:02";Santiago
neuvoo;NULL;crawler;NULL;"Vendedor Mayorista rubro Plasticos";"IND COM E Inversiones La Bolsa";"No clasificada";"2020-10-07 00:00:00";"2020-11-09 13:15:02";Santiago
getonbrd;NULL;crawler;NULL;"Data Scientist";"Zenta  Group";"Data Science / Analytics";"2020-10-20 00:00:00";"2020-11-09 13:15:02";"Santiago (temporalmente remoto)"
neuvoo;NULL;crawler;NULL;"Operario Sorter Renca HP780";"GRUPO EXPRO";"No clasificada";"2020-10-26 00:00:00";"2020-11-09 13:15:02";Renca
neuvoo;NULL;crawler;NULL;"(AT008) | CAJEROS/AS JORNADA 45 HRS  HC SODIMAC SAN MIGUEL";Sodimac;"No clasificada";"2020-10-23 00:00:00";"2020-11-09 13:15:02";"Estación Central"
neuvoo;NULL;crawler;NULL;"FIG993 - Cajeros Apoyo Caja Compensación Santa Cruz";"ECR GROUP";"No clasificada";"2020-10-20 00:00:00";"2020-11-09 13:15:02";"Santa Cruz"
neuvoo;NULL;crawler;NULL;"Importante Empresa prestadora de Servicios a la Minería requiere Eléctrico para Faena Antucoya";Confidencial;"No clasificada";"2020-10-02 00:00:00";"2020-11-09 13:15:02";Calama
neuvoo;NULL;crawler;NULL;"AUXILIAR DE SERVICIO apoyo Contingencia SAN VICENTE DE TAGUA TAGUA-PICHIDEGUA - [D028]";"Portal de Empleos Publicos";"No clasificada";"2020-10-20 00:00:00";"2020-11-09 13:15:02";Pichidegua
neuvoo;NULL;crawler;NULL;"U19 | Ejecutivos Call Center VTR - Retención";IBRCHILE;"No clasificada";"2020-10-20 00:00:00";"2020-11-09 13:15:02";Santiago
"head hunter";NULL;user;335;Superintendente;"Superintendencia de Seguridad Social";"Gerencia y Dirección General";"2020-10-15 00:00:00";"2020-11-09 15:39:31";Santiago
neuvoo;NULL;crawler;NULL;"Vigilante Privado Santiago  Oriente";"Banco Falabella";"No clasificada";"2020-10-28 00:00:00";"2020-11-09 17:15:02";"Las Condes"
neuvoo;NULL;crawler;NULL;"Se Buscan Profesores de Tenis | Clases de Tenis (para mi o mi grupo)";2x3.cl;"No clasificada";"2020-10-27 00:00:00";"2020-11-09 17:15:02";"San Bernardo"
neuvoo;NULL;crawler;NULL;"Se Buscan Pediatras | Pediatría";2x3.cl;"No clasificada";"2020-10-27 00:00:00";"2020-11-09 17:15:02";Santiago
neuvoo;NULL;crawler;NULL;"Se Buscan Paisajistas | Paisajismo";2x3.cl;"No clasificada";"2020-10-30 00:00:00";"2020-11-09 17:15:02";"Viña del Mar"
neuvoo;NULL;crawler;NULL;"Se Buscan Abogados de Tránsito | Abogado de Tránsito";2x3.cl;"No clasificada";"2020-10-27 00:00:00";"2020-11-09 17:15:02";Santiago
neuvoo;NULL;crawler;NULL;"Se Buscan Paseadores de Perros | Paseo de Perro";2x3.cl;"No clasificada";"2020-10-29 00:00:00";"2020-11-09 17:15:02";Santiago
neuvoo;NULL;crawler;NULL;"Se Buscan Montadores de TV | Montaje de TV";2x3.cl;"No clasificada";"2020-10-29 00:00:00";"2020-11-09 17:15:02";Concón
neuvoo;NULL;crawler;NULL;"Se Buscan Diseñadores de Interiores | Diseño de Interior";2x3.cl;"No clasificada";"2020-10-30 00:00:00";"2020-11-09 17:15:02";Curacaví
neuvoo;NULL;crawler;NULL;"Se Buscan Contratistas | Contratista Construcción";2x3.cl;"No clasificada";"2020-10-30 00:00:00";"2020-11-09 17:15:02";"La Reina"
neuvoo;NULL;crawler;NULL;"Pressure Washer Commercial Hood Cleaning Technician";Hoodz;"No clasificada";"2020-10-29 00:00:00";"2020-11-09 17:15:02";Providencia
neuvoo;NULL;crawler;NULL;"Se Buscan Fotógrafos de Retratos | Fotografía de Retrato";2x3.cl;"No clasificada";"2020-10-28 00:00:00";"2020-11-09 17:15:02";Peñaflor
neuvoo;NULL;crawler;NULL;"Se Buscan Gásfiters | Instalación/Reemplazo de Tubería";2x3.cl;"No clasificada";"2020-10-27 00:00:00";"2020-11-09 17:15:02";Curico
neuvoo;NULL;crawler;NULL;"Analista de Crédito Junior";"NS Agro";"No clasificada";"2020-10-28 00:00:00";"2020-11-09 17:15:02";"La Reina"
neuvoo;NULL;crawler;NULL;"Se Buscan Animadores Digitales | Animación Digital";2x3.cl;"No clasificada";"2020-10-27 00:00:00";"2020-11-09 17:15:02";"Las Condes"
neuvoo;NULL;crawler;NULL;"Se Buscan Electricistas | Instalación de Iluminación";2x3.cl;"No clasificada";"2020-10-26 00:00:00";"2020-11-09 17:15:02";"La Florida"
neuvoo;NULL;crawler;NULL;"Se Buscan Sastres | Sastrería y Costura";2x3.cl;"No clasificada";"2020-10-28 00:00:00";"2020-11-09 17:15:02";"Puente Alto"
neuvoo;NULL;crawler;NULL;"Se Buscan Empresas de Juegos Inflables | Arriendo Juegos Inflables";2x3.cl;"No clasificada";"2020-10-29 00:00:00";"2020-11-09 17:15:02";Paine
neuvoo;NULL;crawler;NULL;"Field Engineer";Hilti;"No clasificada";"2020-10-28 00:00:00";"2020-11-09 17:15:02";Santiago
neuvoo;NULL;crawler;NULL;"Se Buscan Instaladores de Pasto | Instalación de Pasto";2x3.cl;"No clasificada";"2020-10-26 00:00:00";"2020-11-09 17:15:02";"La Florida"
neuvoo;NULL;crawler;NULL;"Se Buscan Curadores | Medicina Alternativa";2x3.cl;"No clasificada";"2020-10-28 00:00:00";"2020-11-09 17:15:02";Santiago
neuvoo;NULL;crawler;NULL;"Se Buscan Ensambladores de Muebles | Armado de Muebles";2x3.cl;"No clasificada";"2020-10-27 00:00:00";"2020-11-09 17:15:02";Casablanca
neuvoo;NULL;crawler;NULL;"Se Buscan Especialistas Marketing | Marketing Redes Sociales";2x3.cl;"No clasificada";"2020-10-28 00:00:00";"2020-11-09 17:15:02";Ancud
neuvoo;NULL;crawler;NULL;"Ingeniero de Aplicación Copiapó - Reemplazo Licencia  Maternal";Ecolab;"No clasificada";"2020-10-29 00:00:00";"2020-11-09 21:15:02";Copiapó
neuvoo;NULL;crawler;NULL;"Se Buscan Investigadores Privados | Investigación Privada";2x3.cl;"No clasificada";"2020-10-29 00:00:00";"2020-11-09 21:15:02";Talagante
neuvoo;NULL;crawler;NULL;"Or-584 Analista Operación Y Monitoreo Ciberseguridad | [S000]";Widefense;"No clasificada";"2020-10-25 00:00:00";"2020-11-09 21:15:02";"Estación Central"
neuvoo;NULL;crawler;NULL;"Mecánico Mantenimiento Planta Maipú";Confidencial;"No clasificada";"2020-10-29 00:00:00";"2020-11-09 21:15:02";Maipú
neuvoo;NULL;crawler;NULL;"Se Buscan Videógrafos | Filmación de Evento";2x3.cl;"No clasificada";"2020-10-28 00:00:00";"2020-11-09 21:15:02";"San Pedro de la Paz"
neuvoo;NULL;crawler;NULL;"Se Buscan DJs | DJ";2x3.cl;"No clasificada";"2020-10-28 00:00:00";"2020-11-09 21:15:02";"Puente Alto"
neuvoo;NULL;crawler;NULL;"セブン-イレブン 山田府馬店";"株式会社セブン - イレブン・ジャパン";"No clasificada";"2020-10-28 00:00:00";"2020-11-09 21:15:02";"Las Condes"
neuvoo;NULL;crawler;NULL;"Se Buscan Barmans | Barman";2x3.cl;"No clasificada";"2020-10-28 00:00:00";"2020-11-09 21:15:02";Concepcion
neuvoo;NULL;crawler;NULL;"Se Buscan Dermatólogos | Dermatología";2x3.cl;"No clasificada";"2020-10-28 00:00:00";"2020-11-09 21:15:02";Ñuñoa
neuvoo;NULL;crawler;NULL;"Se Buscan Maestros de Reiki | Curso de Reiki";2x3.cl;"No clasificada";"2020-10-28 00:00:00";"2020-11-09 21:15:02";"Punta Arenas"
neuvoo;NULL;crawler;NULL;"Se Buscan Sanadores Reiki | Terapia Reiki | [OR-330]";2x3.cl;"No clasificada";"2020-10-26 00:00:00";"2020-11-09 21:15:02";Valparaíso
neuvoo;NULL;crawler;NULL;"Se Buscan Estilistas para Eventos | Estilista para Evento";2x3.cl;"No clasificada";"2020-10-28 00:00:00";"2020-11-09 21:15:02";Concepcion
neuvoo;NULL;crawler;NULL;"Se Buscan Quiroprácticos | Quiropráctico";2x3.cl;"No clasificada";"2020-10-28 00:00:00";"2020-11-09 21:15:02";Antofagasta
neuvoo;NULL;crawler;NULL;"Territory Manager (iTero) - Santiago";"Align Technology";"No clasificada";"2020-10-29 00:00:00";"2020-11-09 21:15:02";Santiago
neuvoo;NULL;crawler;NULL;"Tottus Chile requiere Reponedores/as Nocturnos Jornada 45 horas para su tienda Rengo";Tottus;"No clasificada";"2020-10-14 00:00:00";"2020-11-09 21:15:02";Rengo
neuvoo;NULL;crawler;NULL;"Senior Service Engineer";ABB;"No clasificada";"2020-10-28 00:00:00";"2020-11-09 21:15:02";Santiago
neuvoo;NULL;crawler;NULL;"Ingeniero/a de proyecto y estudio";Confidencial;"No clasificada";"2020-10-29 00:00:00";"2020-11-09 21:15:02";"Estación Central"
neuvoo;NULL;crawler;NULL;"Guardia de seguridad - OS 10";"I.MUNICIPALIDAD DE QUILPUÉ";"No clasificada";"2020-10-27 00:00:00";"2020-11-10 01:15:02";Quilpué
neuvoo;NULL;crawler;NULL;"Técnico en Portones Electricos | K49";"MTM COMUNICACIONES";"No clasificada";"2020-10-21 00:00:00";"2020-11-10 01:15:02";"Estación Central"
neuvoo;NULL;crawler;NULL;"Xru675 Ejecutivo De Ventas | (R-707)";"Alfasat Telecomunicaciones";"No clasificada";"2020-10-26 00:00:00";"2020-11-10 01:15:02";"Los Ángeles"
neuvoo;NULL;crawler;NULL;"VENDEDOR/A JORNADA 20 HRS HC SODIMAC LA PORTADA ANTOFAGASTA";Sodimac;"No clasificada";"2020-10-27 00:00:00";"2020-11-10 01:15:02";Antofagasta
neuvoo;NULL;crawler;NULL;"(S832) COCINERO PERUANO PARA EL TEMPLO";"EL TEMPLO";"No clasificada";"2020-10-22 00:00:00";"2020-11-10 01:15:02";Valparaíso
neuvoo;NULL;crawler;NULL;"Tottus Chile requiere Reponedores /as Nocturnos Jornada 45 Hrs, para su tienda de Curauma, Valparaiso.";Tottus;"No clasificada";"2020-10-15 00:00:00";"2020-11-10 01:15:02";Valparaiso
neuvoo;NULL;crawler;NULL;"CHOFER CLASE A2 CAMION CARGA PESADA (FIERRO) - [HJP471]";"TODO FIERRO LTDA";"No clasificada";"2020-10-22 00:00:00";"2020-11-10 01:15:02";Santiago
neuvoo;NULL;crawler;NULL;"Bodeguero (experiencia Grúa Horquilla y licencia clase D) Lampa - VZX-600";XinerLink;"No clasificada";"2020-10-22 00:00:00";"2020-11-10 01:15:02";Lampa
neuvoo;NULL;crawler;NULL;"Prevencionista de Riesgos | (W-047)";"Empresa líder";"No clasificada";"2020-10-27 00:00:00";"2020-11-10 01:15:02";"Estación Central"
neuvoo;NULL;crawler;NULL;"EZX399 Encuestadores telefónicos Empresa Cadem";Cadem;"No clasificada";"2020-10-22 00:00:00";"2020-11-10 01:15:02";Providencia
neuvoo;NULL;crawler;NULL;"Ingeniero DevOps";Scotiabank;"No clasificada";"2020-10-27 00:00:00";"2020-11-10 01:15:02";Santiago
neuvoo;NULL;crawler;NULL;"YBI625 | Tecnólogo Médico de Scanner";"Laboratorio Blanco";"No clasificada";"2020-10-22 00:00:00";"2020-11-10 01:15:02";Santiago
neuvoo;NULL;crawler;NULL;"Dimensionadores Full time Quinta Vergara [S773]";Sodimac;"No clasificada";"2020-10-20 00:00:00";"2020-11-10 01:15:02";Valparaíso
neuvoo;NULL;crawler;NULL;"OPERATIVO REPOSICIÓN LAYOUT  JORNADA 45 HRS HC SODIMAC EL TREBOL";Sodimac;"No clasificada";"2020-10-27 00:00:00";"2020-11-10 01:15:02";Concepción
neuvoo;NULL;crawler;NULL;"BO102 Administrativo Retail Pt 20 Hrs";"Adecco Chile";"No clasificada";"2020-10-27 00:00:00";"2020-11-10 01:15:02";Chiguayante
neuvoo;NULL;crawler;NULL;"(QC243) | Pizzeros Part Time La Dehesa - Papa John´s Pizza";"Papa John's Pizza";"No clasificada";"2020-10-20 00:00:00";"2020-11-10 01:15:02";"Estación Central"
neuvoo;NULL;crawler;NULL;"(G320) - Ayudante  producción Mantención - Exp productiva, educ mecánica, residencia Coronel";"Aca sa";"No clasificada";"2020-10-22 00:00:00";"2020-11-10 01:15:02";Coronel
neuvoo;NULL;crawler;NULL;"VQJ829 Traductor chino nativo Para proyecto de psicología";"Centro de Hipnosis Clínica de Chile";"No clasificada";"2020-10-23 00:00:00";"2020-11-10 01:15:02";Providencia
neuvoo;NULL;crawler;NULL;"V791 - Conductor Transportista";ELOGSER;"No clasificada";"2020-10-22 00:00:00";"2020-11-10 01:15:02";Santiago
neuvoo;NULL;crawler;NULL;"[HYR664] | Analista Unidad de Estudios Reemplazo HLCM";"Portal de Empleos Publicos";"No clasificada";"2020-10-27 00:00:00";"2020-11-10 01:15:02";"Estación Central"
neuvoo;NULL;crawler;NULL;"Customer Care Escalation Support Specialist (Russian speaking)";"YOOX NET-A-PORTER GROUP S.P.A.";"No clasificada";"2020-10-27 00:00:00";"2020-11-10 01:15:02";Peñaflor
neuvoo;NULL;crawler;NULL;"[R888] | Asistente Contact Center";"BUPA CHILE S.A.";"No clasificada";"2020-10-20 00:00:00";"2020-11-10 01:15:02";Santiago
neuvoo;NULL;crawler;NULL;"Z-004 | Se necesita Encargado de Mantención y Aseo / Casa Matriz Empresa Importadora";"COMERCIAL MUNDO TRANSFER LTDA";"No clasificada";"2020-10-23 00:00:00";"2020-11-10 01:15:02";Santiago
